bank_txn_id,value_date,description,utr,credit_paise,debit_paise
bank_001,2026-08-11 10:00:00,NEFT CR-UTR:UTR001 SETTL setl_001 RZPGROUP,UTR001,5646912,0
bank_002,2026-08-15 06:00:00,NEFT CR SETTL setl_002 RZPGROUP,,46144567,0
bank_003,2026-08-09 07:00:00,NEFT CR-UTR:UTR003 SETTL setl_003 RZPGROUP,UTR003,26713035,0
bank_004,2026-08-13 06:00:00,NEFT CR-UTR:UTR004 SETTL setl_004 RZPGROUP,UTR004,31997800,0
bank_005,2026-08-12 09:00:00,NEFT CR-UTR:UTR005 SETTL setl_005 RZPGROUP,UTR005,16795350,0
bank_006,2026-08-15 08:00:00,NEFT CR-UTR:UTR006 SETTL setl_006 RZPGROUP,UTR006,34770483,0
bank_008,2026-08-14 11:00:00,NEFT CR-UTR:UTR008 SETTL setl_008 RZPGROUP,UTR008,34683974,0
bank_009,2026-08-13 04:00:00,NEFT CR-UTR:UTR009 SETTL setl_009 RZPGROUP,UTR009,26484362,0
bank_011,2026-08-16 12:00:00,NEFT CR-UTR:UTR011 SETTL setl_011 RZPGROUP,UTR011,31359601,0
bank_012,2026-08-11 05:00:00,NEFT CR-UTR:UTR012 SETTL setl_012 RZPGROUP,UTR012,25360538,0
bank_013,2026-08-12 05:00:00,NEFT CR-UTR:UTR013 SETTL setl_013 RZPGROUP,UTR013,39946087,0
bank_014,2026-08-15 07:00:00,NEFT CR-UTR:UTR014 SETTL setl_014 RZPGROUP,UTR014,28632052,0
bank_016,2026-08-11 13:00:00,NEFT CR-UTR:UTR016 SETTL setl_016 RZPGROUP,UTR016,38166402,0
bank_017,2026-08-15 07:00:00,NEFT CR SETTL setl_017 RZPGROUP,,24904840,0
bank_018,2026-08-12 08:00:00,NEFT CR-UTR:UTR018 SETTL setl_018 RZPGROUP,UTR018,14007044,0
bank_019,2026-08-16 07:00:00,NEFT CR-UTR:UTR019 SETTL setl_019 RZPGROUP,UTR019,19705705,0
bank_020,2026-08-11 11:00:00,NEFT CR-UTR:UTR020 SETTL setl_020 RZPGROUP,UTR020,27874658,0
bank_023,2026-08-12 12:00:00,NEFT CR-UTR:UTR023 SETTL setl_023 RZPGROUP,UTR023,2153646,0
bank_024,2026-08-15 12:00:00,NEFT CR SETTL setl_024 RZPGROUP,,37169498,0
bank_025,2026-08-18 04:00:00,NEFT CR-UTR:UTR025 SETTL setl_025 RZPGROUP,UTR025,30397481,0
bank_027,2026-08-11 09:00:00,NEFT CR-UTR:UTR027 SETTL setl_027 RZPGROUP,UTR027,17374746,0
bank_028,2026-08-09 02:00:00,NEFT CR-UTR:UTR028 SETTL setl_028 RZPGROUP,UTR028,1089858,0
bank_029,2026-08-17 06:00:00,NEFT CR-UTR:UTR029 SETTL setl_029 RZPGROUP,UTR029,38707914,0
bank_030,2026-08-11 05:00:00,NEFT CR-UTR:UTR030 SETTL setl_030 RZPGROUP,UTR030,6559065,0
bank_031,2026-08-16 06:00:00,NEFT CR-UTR:UTR031 SETTL setl_031 RZPGROUP,UTR031,8686934,0
bank_032,2026-08-11 08:00:00,NEFT CR-UTR:UTR032 SETTL setl_032 RZPGROUP,UTR032,29573497,0
bank_033,2026-08-14 05:00:00,NEFT CR-UTR:UTR033 SETTL setl_033 RZPGROUP,UTR033,35787892,0
bank_034,2026-08-10 07:00:00,NEFT CR-UTR:UTR034 SETTL setl_034 RZPGROUP,UTR034,3627619,0
bank_035,2026-08-12 13:00:00,NEFT CR-UTR:UTR035 SETTL setl_035 RZPGROUP,UTR035,22290334,0
bank_036,2026-08-14 11:00:00,NEFT CR-UTR:UTR036 SETTL setl_036 RZPGROUP,UTR036,33395517,0
bank_038,2026-08-12 08:00:00,NEFT CR-UTR:UTR038 SETTL setl_038 RZPGROUP,UTR038,29269055,0
bank_039,2026-08-15 11:00:00,NEFT CR-UTR:UTR039 SETTL setl_039 RZPGROUP,UTR039,25055987,0
bank_040,2026-08-13 05:00:00,NEFT CR-UTR:UTR040 SETTL setl_040 RZPGROUP,UTR040,35992253,0
bank_041,2026-08-10 08:00:00,NEFT CR SETTL setl_041 RZPGROUP,,25108615,0
bank_042,2026-08-18 04:00:00,NEFT CR-UTR:UTR042 SETTL setl_042 RZPGROUP,UTR042,40689029,0
bank_043,2026-08-13 11:00:00,NEFT CR-UTR:UTR043 SETTL setl_043 RZPGROUP,UTR043,15772766,0
bank_044,2026-08-10 06:00:00,NEFT CR-UTR:UTR044 SETTL setl_044 RZPGROUP,UTR044,36077785,0
bank_045,2026-08-14 08:00:00,NEFT CR-UTR:UTR045 SETTL setl_045 RZPGROUP,UTR045,36901183,0
bank_046,2026-08-10 08:00:00,NEFT CR-UTR:UTR046 SETTL setl_046 RZPGROUP,UTR046,11174606,0
bank_047,2026-08-12 06:00:00,NEFT CR-UTR:UTR047 SETTL setl_047 RZPGROUP,UTR047,11742773,0
bank_049,2026-08-18 08:00:00,NEFT CR-UTR:UTR049 SETTL setl_049 RZPGROUP,UTR049,44773408,0
bank_050,2026-08-17 09:00:00,NEFT CR-UTR:UTR050 SETTL setl_050 RZPGROUP,UTR050,9535425,0
bank_051,2026-08-17 02:00:00,NEFT CR-UTR:UTR051 SETTL setl_051 RZPGROUP,UTR051,25270795,0
bank_052,2026-08-17 11:00:00,NEFT CR-UTR:UTR052 SETTL setl_052 RZPGROUP,UTR052,12802850,0
bank_055,2026-08-16 06:00:00,NEFT CR-UTR:UTR055 SETTL setl_055 RZPGROUP,UTR055,12376652,0
bank_056,2026-08-11 08:00:00,NEFT CR-UTR:UTR056 SETTL setl_056 RZPGROUP,UTR056,35387568,0
bank_057,2026-08-10 06:00:00,NEFT CR-UTR:UTR057 SETTL setl_057 RZPGROUP,UTR057,2153646,0
bank_058,2026-08-09 05:00:00,NEFT CR-UTR:UTR058 SETTL setl_058 RZPGROUP,UTR058,5973127,0
bank_059,2026-08-15 09:00:00,NEFT CR-UTR:UTR059 SETTL setl_059 RZPGROUP,UTR059,3150550,0
bank_060,2026-08-14 11:00:00,NEFT CR SETTL setl_060 RZPGROUP,,35352027,0
bank_061,2026-08-18 08:00:00,NEFT CR-UTR:UTR061 SETTL setl_061 RZPGROUP,UTR061,4215510,0
bank_062,2026-08-14 03:00:00,NEFT CR SETTL setl_062 RZPGROUP,,4772741,0
bank_063,2026-08-10 12:00:00,NEFT CR-UTR:UTR063 SETTL setl_063 RZPGROUP,UTR063,24183183,0
bank_064,2026-08-11 07:00:00,NEFT CR-UTR:UTR064 SETTL setl_064 RZPGROUP,UTR064,4768445,0
bank_065,2026-08-16 09:00:00,NEFT CR-UTR:UTR065 SETTL setl_065 RZPGROUP,UTR065,44006251,0
bank_066,2026-08-12 04:00:00,NEFT CR-UTR:UTR066 SETTL setl_066 RZPGROUP,UTR066,34016214,0
bank_068,2026-08-15 07:00:00,NEFT CR-UTR:UTR068 SETTL setl_068 RZPGROUP,UTR068,2872374,0
bank_069,2026-08-14 04:00:00,NEFT CR SETTL setl_069 RZPGROUP,,10518074,0
bank_071,2026-08-16 06:00:00,NEFT CR-UTR:UTR071 SETTL setl_071 RZPGROUP,UTR071,20983227,0
bank_072,2026-08-14 07:00:00,NEFT CR-UTR:UTR072 SETTL setl_072 RZPGROUP,UTR072,25610191,0
bank_073,2026-08-10 04:00:00,NEFT CR-UTR:UTR073 SETTL setl_073 RZPGROUP,UTR073,2153646,0
bank_075,2026-08-11 06:00:00,NEFT CR-UTR:UTR075 SETTL setl_075 RZPGROUP,UTR075,42984216,0
bank_076,2026-08-09 09:00:00,NEFT CR-UTR:UTR076 SETTL setl_076 RZPGROUP,UTR076,17055707,0
bank_077,2026-08-12 08:00:00,NEFT CR-UTR:UTR077 SETTL setl_077 RZPGROUP,UTR077,29368746,0
bank_079,2026-08-13 03:00:00,NEFT CR-UTR:UTR079 SETTL setl_079 RZPGROUP,UTR079,25810646,0
bank_080,2026-08-16 10:00:00,NEFT CR-UTR:UTR080 SETTL setl_080 RZPGROUP,UTR080,37080548,0
bank_081,2026-08-12 05:00:00,NEFT CR-UTR:UTR081 SETTL setl_081 RZPGROUP,UTR081,17429033,0
bank_082,2026-08-11 03:00:00,NEFT CR-UTR:UTR082 SETTL setl_082 RZPGROUP,UTR082,32184390,0
bank_084,2026-08-13 04:00:00,NEFT CR-UTR:UTR084 SETTL setl_084 RZPGROUP,UTR084,8614094,0
bank_085,2026-08-13 12:00:00,NEFT CR-UTR:UTR085 SETTL setl_085 RZPGROUP,UTR085,18537907,0
bank_088,2026-08-13 02:00:00,NEFT CR-UTR:UTR088 SETTL setl_088 RZPGROUP,UTR088,23623706,0
bank_090,2026-08-13 06:00:00,NEFT CR-UTR:UTR090 SETTL setl_090 RZPGROUP,UTR090,43369931,0
bank_091,2026-08-13 08:00:00,NEFT CR-UTR:UTR091 SETTL setl_091 RZPGROUP,UTR091,19620173,0
bank_092,2026-08-18 10:00:00,NEFT CR-UTR:UTR092 SETTL setl_092 RZPGROUP,UTR092,512122,0
bank_093,2026-08-14 06:00:00,NEFT CR-UTR:UTR093 SETTL setl_093 RZPGROUP,UTR093,32687041,0
bank_094,2026-08-10 02:00:00,NEFT CR-UTR:UTR094 SETTL setl_094 RZPGROUP,UTR094,15912294,0
bank_095,2026-08-13 08:00:00,NEFT CR-UTR:UTR095 SETTL setl_095 RZPGROUP,UTR095,46662742,0
bank_096,2026-08-10 10:00:00,NEFT CR-UTR:UTR096 SETTL setl_096 RZPGROUP,UTR096,40360373,0
bank_097,2026-08-13 08:00:00,NEFT CR-UTR:UTR097 SETTL setl_097 RZPGROUP,UTR097,41382957,0
bank_098,2026-08-15 08:00:00,NEFT CR-UTR:UTR098 SETTL setl_098 RZPGROUP,UTR098,38673715,0
bank_099,2026-08-10 07:00:00,NEFT CR-UTR:UTR099 SETTL setl_099 RZPGROUP,UTR099,13590622,0
bank_100,2026-08-12 07:00:00,NEFT CR-UTR:UTR100 SETTL setl_100 RZPGROUP,UTR100,19602890,0
bank_101,2026-08-09 10:00:00,NEFT CR-UTR:UTR101 SETTL setl_101 RZPGROUP,UTR101,45362861,0
bank_102,2026-08-13 08:00:00,NEFT CR SETTL setl_102 RZPGROUP,,46650537,0
bank_103,2026-08-10 06:00:00,NEFT CR-UTR:UTR103 SETTL setl_103 RZPGROUP,UTR103,15678446,0
bank_104,2026-08-12 11:00:00,NEFT CR SETTL setl_104 RZPGROUP,,23320240,0
bank_105,2026-08-12 07:00:00,NEFT CR-UTR:UTR105 SETTL setl_105 RZPGROUP,UTR105,31613782,0
bank_107,2026-08-12 02:00:00,NEFT CR-UTR:UTR107 SETTL setl_107 RZPGROUP,UTR107,46256755,0
bank_108,2026-08-10 03:00:00,NEFT CR-UTR:UTR108 SETTL setl_108 RZPGROUP,UTR108,48558813,0
bank_109,2026-08-12 05:00:00,NEFT CR-UTR:UTR109 SETTL setl_109 RZPGROUP,UTR109,40374726,0
bank_111,2026-08-18 07:00:00,NEFT CR-UTR:UTR111 SETTL setl_111 RZPGROUP,UTR111,40469437,0
bank_112,2026-08-17 08:00:00,NEFT CR-UTR:UTR112 SETTL setl_112 RZPGROUP,UTR112,5739927,0
bank_113,2026-08-17 07:00:00,NEFT CR-UTR:UTR113 SETTL setl_113 RZPGROUP,UTR113,16671933,0
bank_114,2026-08-17 07:00:00,NEFT CR-UTR:UTR114 SETTL setl_114 RZPGROUP,UTR114,27028705,0
bank_116,2026-08-11 05:00:00,NEFT CR-UTR:UTR116 SETTL setl_116 RZPGROUP,UTR116,11560003,0
bank_118,2026-08-16 06:00:00,NEFT CR-UTR:UTR118 SETTL setl_118 RZPGROUP,UTR118,31237282,0
bank_119,2026-08-10 06:00:00,NEFT CR-UTR:UTR119 SETTL setl_119 RZPGROUP,UTR119,30678977,0
bank_120,2026-08-16 08:00:00,NEFT CR-UTR:UTR120 SETTL setl_120 RZPGROUP,UTR120,40697329,0
bank_121,2026-08-10 10:00:00,NEFT CR-UTR:UTR121 SETTL setl_121 RZPGROUP,UTR121,17447976,0
bank_122,2026-08-13 06:00:00,NEFT CR-UTR:UTR122 SETTL setl_122 RZPGROUP,UTR122,21944298,0
bank_123,2026-08-17 04:00:00,NEFT CR-UTR:UTR123 SETTL setl_123 RZPGROUP,UTR123,3546866,0
bank_124,2026-08-18 10:00:00,NEFT CR-UTR:UTR124 SETTL setl_124 RZPGROUP,UTR124,28579033,0
bank_125,2026-08-17 10:00:00,NEFT CR-UTR:UTR125 SETTL setl_125 RZPGROUP,UTR125,44536534,0
bank_126,2026-08-14 06:00:00,NEFT CR-UTR:UTR126 SETTL setl_126 RZPGROUP,UTR126,26012810,0
bank_127,2026-08-09 10:00:00,NEFT CR-UTR:UTR127 SETTL setl_127 RZPGROUP,UTR127,2153646,0
bank_128,2026-08-09 04:00:00,NEFT CR-UTR:UTR128 SETTL setl_128 RZPGROUP,UTR128,43362315,0
bank_129,2026-08-13 08:00:00,NEFT CR-UTR:UTR129 SETTL setl_129 RZPGROUP,UTR129,36069779,0
bank_132,2026-08-12 06:00:00,NEFT CR-UTR:UTR132 SETTL setl_132 RZPGROUP,UTR132,8155577,0
bank_133,2026-08-16 05:00:00,NEFT CR-UTR:UTR133 SETTL setl_133 RZPGROUP,UTR133,8061940,0
bank_134,2026-08-10 10:00:00,NEFT CR-UTR:UTR134 SETTL setl_134 RZPGROUP,UTR134,18568673,0
bank_135,2026-08-17 06:00:00,NEFT CR-UTR:UTR135 SETTL setl_135 RZPGROUP,UTR135,22105501,0
bank_136,2026-08-12 03:00:00,NEFT CR-UTR:UTR136 SETTL setl_136 RZPGROUP,UTR136,11386289,0
bank_137,2026-08-15 06:00:00,NEFT CR-UTR:UTR137 SETTL setl_137 RZPGROUP,UTR137,39379384,0
bank_139,2026-08-14 10:00:00,NEFT CR SETTL setl_139 RZPGROUP,,36119575,0
bank_140,2026-08-11 07:00:00,NEFT CR-UTR:UTR140 SETTL setl_140 RZPGROUP,UTR140,1056953,0
bank_140,2026-08-11 07:00:00,NEFT CR-UTR:UTR140 SETTL setl_140 RZPGROUP,UTR140,1056953,0
bank_141,2026-08-11 08:00:00,NEFT CR-UTR:UTR141 SETTL setl_141 RZPGROUP,UTR141,20800640,0
bank_143,2026-08-12 10:00:00,NEFT CR-UTR:UTR143 SETTL setl_143 RZPGROUP,UTR143,12553282,0
bank_144,2026-08-12 08:00:00,NEFT CR-UTR:UTR144 SETTL setl_144 RZPGROUP,UTR144,11440186,0
bank_145,2026-08-14 08:00:00,NEFT CR-UTR:UTR145 SETTL setl_145 RZPGROUP,UTR145,26202769,0
bank_146,2026-08-15 06:00:00,NEFT CR-UTR:UTR146 SETTL setl_146 RZPGROUP,UTR146,5360339,0
bank_147,2026-08-11 11:00:00,NEFT CR-UTR:UTR147 SETTL setl_147 RZPGROUP,UTR147,9255955,0
bank_148,2026-08-11 05:00:00,NEFT CR-UTR:UTR148 SETTL setl_148 RZPGROUP,UTR148,7825358,0
bank_149,2026-08-18 10:00:00,NEFT CR-UTR:UTR149 SETTL setl_149 RZPGROUP,UTR149,30373266,0
bank_150,2026-08-17 11:00:00,NEFT CR-UTR:UTR150 SETTL setl_150 RZPGROUP,UTR150,2022808,0
bank_151,2026-08-09 11:00:00,NEFT CR-UTR:UTR151 SETTL setl_151 RZPGROUP,UTR151,30509376,0
bank_152,2026-08-14 07:00:00,NEFT CR-UTR:UTR152 SETTL setl_152 RZPGROUP,UTR152,46633157,0
bank_154,2026-08-11 11:00:00,NEFT CR-UTR:UTR154 SETTL setl_154 RZPGROUP,UTR154,12780002,0
bank_156,2026-08-16 10:00:00,NEFT CR-UTR:UTR156 SETTL setl_156 RZPGROUP,UTR156,16974910,0
bank_158,2026-08-17 07:00:00,NEFT CR-UTR:UTR158 SETTL setl_158 RZPGROUP,UTR158,30558587,0
bank_160,2026-08-14 05:00:00,NEFT CR-UTR:UTR160 SETTL setl_160 RZPGROUP,UTR160,18659493,0
bank_161,2026-08-15 08:00:00,NEFT CR-UTR:UTR161 SETTL setl_161 RZPGROUP,UTR161,11694636,0
bank_162,2026-08-09 06:00:00,NEFT CR-UTR:UTR162 SETTL setl_162 RZPGROUP,UTR162,39559823,0
bank_163,2026-08-11 07:00:00,NEFT CR-UTR:UTR163 SETTL setl_163 RZPGROUP,UTR163,2153646,0
bank_164,2026-08-17 11:00:00,NEFT CR-UTR:UTR164 SETTL setl_164 RZPGROUP,UTR164,2153646,0
bank_167,2026-08-13 12:00:00,NEFT CR-UTR:UTR167 SETTL setl_167 RZPGROUP,UTR167,39486300,0
bank_168,2026-08-13 06:00:00,NEFT CR-UTR:UTR168 SETTL setl_168 RZPGROUP,UTR168,7182399,0
bank_169,2026-08-17 09:00:00,NEFT CR SETTL setl_169 RZPGROUP,,43670076,0
bank_170,2026-08-09 07:00:00,NEFT CR-UTR:UTR170 SETTL setl_170 RZPGROUP,UTR170,46411588,0
bank_171,2026-08-13 06:00:00,NEFT CR-UTR:UTR171 SETTL setl_171 RZPGROUP,UTR171,45383072,0
bank_172,2026-08-14 08:00:00,NEFT CR-UTR:UTR172 SETTL setl_172 RZPGROUP,UTR172,19241232,0
bank_173,2026-08-16 09:00:00,NEFT CR-UTR:UTR173 SETTL setl_173 RZPGROUP,UTR173,16366527,0
bank_174,2026-08-10 04:00:00,NEFT CR-UTR:UTR174 SETTL setl_174 RZPGROUP,UTR174,47060430,0
bank_175,2026-08-14 05:00:00,NEFT CR-UTR:UTR175 SETTL setl_175 RZPGROUP,UTR175,1070428,0
bank_176,2026-08-13 06:00:00,NEFT CR-UTR:UTR176 SETTL setl_176 RZPGROUP,UTR176,39830969,0
bank_177,2026-08-10 07:00:00,NEFT CR-UTR:UTR177 SETTL setl_177 RZPGROUP,UTR177,21589083,0
bank_178,2026-08-14 08:00:00,NEFT CR-UTR:UTR178 SETTL setl_178 RZPGROUP,UTR178,29535124,0
bank_179,2026-08-14 12:00:00,NEFT CR-UTR:UTR179 SETTL setl_179 RZPGROUP,UTR179,18038795,0
bank_181,2026-08-14 03:00:00,NEFT CR-UTR:UTR181 SETTL setl_181 RZPGROUP,UTR181,19207448,0
bank_182,2026-08-17 11:00:00,NEFT CR-UTR:UTR182 SETTL setl_182 RZPGROUP,UTR182,37617959,0
bank_183,2026-08-15 10:00:00,NEFT CR-UTR:UTR183 SETTL setl_183 RZPGROUP,UTR183,17428350,0
bank_184,2026-08-10 03:00:00,NEFT CR-UTR:UTR184 SETTL setl_184 RZPGROUP,UTR184,3327767,0
bank_184,2026-08-10 03:00:00,NEFT CR-UTR:UTR184 SETTL setl_184 RZPGROUP,UTR184,3327767,0
bank_186,2026-08-14 02:00:00,NEFT CR-UTR:UTR186 SETTL setl_186 RZPGROUP,UTR186,24331596,0
bank_187,2026-08-13 09:00:00,NEFT CR-UTR:UTR187 SETTL setl_187 RZPGROUP,UTR187,44419073,0
bank_189,2026-08-10 06:00:00,NEFT CR-UTR:UTR189 SETTL setl_189 RZPGROUP,UTR189,18902616,0
bank_190,2026-08-15 08:00:00,NEFT CR-UTR:UTR190 SETTL setl_190 RZPGROUP,UTR190,22141042,0
bank_192,2026-08-11 11:00:00,NEFT CR-UTR:UTR192 SETTL setl_192 RZPGROUP,UTR192,2153646,0
bank_195,2026-08-17 09:00:00,NEFT CR-UTR:UTR195 SETTL setl_195 RZPGROUP,UTR195,6559456,0
bank_196,2026-08-16 09:00:00,NEFT CR-UTR:UTR196 SETTL setl_196 RZPGROUP,UTR196,1755470,0
bank_197,2026-08-16 08:00:00,NEFT CR-UTR:UTR197 SETTL setl_197 RZPGROUP,UTR197,29477516,0
bank_198,2026-08-18 08:00:00,NEFT CR-UTR:UTR198 SETTL setl_198 RZPGROUP,UTR198,5905170,0
bank_199,2026-08-14 09:00:00,NEFT CR-UTR:UTR199 SETTL setl_199 RZPGROUP,UTR199,6125934,0
bank_201,2026-08-13 09:00:00,NEFT CR-UTR:UTR201 SETTL setl_201 RZPGROUP,UTR201,4591717,0
bank_202,2026-08-15 04:00:00,NEFT CR-UTR:UTR202 SETTL setl_202 RZPGROUP,UTR202,43680036,0
bank_203,2026-08-16 09:00:00,NEFT CR SETTL setl_203 RZPGROUP,,10386065,0
bank_204a,2026-08-12 09:00:00,NEFT CR-EXTERNAL REF,,29393351,0
bank_204b,2026-08-12 09:00:00,NEFT CR-EXTERNAL REF,,29393351,0
bank_205,2026-08-11 10:00:00,NEFT CR-UTR:UTR205 SETTL setl_205 RZPGROUP,UTR205,15930650,0
bank_206a,2026-08-17 10:00:00,NEFT CR-EXTERNAL REF,,16326678,0
bank_206b,2026-08-17 10:00:00,NEFT CR-EXTERNAL REF,,16326678,0
bank_207,2026-08-09 04:00:00,NEFT CR-UTR:UTR207 SETTL setl_207 RZPGROUP,UTR207,45041625,0
bank_208,2026-08-16 07:00:00,NEFT CR-UTR:UTR208 SETTL setl_208 RZPGROUP,UTR208,26619984,0
bank_209,2026-08-09 10:00:00,NEFT CR-UTR:UTR209 SETTL setl_209 RZPGROUP,UTR209,17811001,0
bank_210,2026-08-15 10:00:00,NEFT CR-UTR:UTR210 SETTL setl_210 RZPGROUP,UTR210,14147158,0
bank_211,2026-08-15 04:00:00,NEFT CR SETTL setl_211 RZPGROUP,,48299872,0
bank_212,2026-08-18 10:00:00,NEFT CR SETTL setl_212 RZPGROUP,,4255542,0
bank_214,2026-08-14 08:00:00,NEFT CR-UTR:UTR214 SETTL setl_214 RZPGROUP,UTR214,2153646,0
bank_215,2026-08-12 13:00:00,NEFT CR-UTR:UTR215 SETTL setl_215 RZPGROUP,UTR215,22601810,0
bank_216,2026-08-12 09:00:00,NEFT CR SETTL setl_216 RZPGROUP,,7452178,0
bank_217,2026-08-10 03:00:00,NEFT CR-UTR:UTR217 SETTL setl_217 RZPGROUP,UTR217,26460148,0
bank_220,2026-08-13 08:00:00,NEFT CR-UTR:UTR220 SETTL setl_220 RZPGROUP,UTR220,37013176,0
bank_221,2026-08-14 13:00:00,NEFT CR-UTR:UTR221 SETTL setl_221 RZPGROUP,UTR221,45098745,0
bank_222,2026-08-14 07:00:00,NEFT CR-UTR:UTR222 SETTL setl_222 RZPGROUP,UTR222,23503901,0
bank_223,2026-08-11 07:00:00,NEFT CR-UTR:UTR223 SETTL setl_223 RZPGROUP,UTR223,25431998,0
bank_224,2026-08-13 10:00:00,NEFT CR SETTL setl_224 RZPGROUP,,45271763,0
bank_225,2026-08-10 05:00:00,NEFT CR-UTR:UTR225 SETTL setl_225 RZPGROUP,UTR225,2716443,0
bank_226,2026-08-09 10:00:00,NEFT CR-UTR:UTR226 SETTL setl_226 RZPGROUP,UTR226,14786454,0
bank_227,2026-08-12 08:00:00,NEFT CR-UTR:UTR227 SETTL setl_227 RZPGROUP,UTR227,5046817,0
bank_229,2026-08-12 11:00:00,NEFT CR-UTR:UTR229 SETTL setl_229 RZPGROUP,UTR229,36627401,0
bank_232,2026-08-16 12:00:00,NEFT CR-UTR:UTR232 SETTL setl_232 RZPGROUP,UTR232,17069193,0
bank_233,2026-08-14 06:00:00,NEFT CR-UTR:UTR233 SETTL setl_233 RZPGROUP,UTR233,24392523,0
bank_234,2026-08-11 05:00:00,NEFT CR-UTR:UTR234 SETTL setl_234 RZPGROUP,UTR234,26873799,0
bank_235,2026-08-11 08:00:00,NEFT CR-UTR:UTR235 SETTL setl_235 RZPGROUP,UTR235,1067010,0
bank_236,2026-08-09 13:00:00,NEFT CR SETTL setl_236 RZPGROUP,,21105375,0
bank_237,2026-08-10 09:00:00,NEFT CR-UTR:UTR237 SETTL setl_237 RZPGROUP,UTR237,10711694,0
bank_239,2026-08-15 06:00:00,NEFT CR-UTR:UTR239 SETTL setl_239 RZPGROUP,UTR239,24883457,0
bank_240,2026-08-14 08:00:00,NEFT CR-UTR:UTR240 SETTL setl_240 RZPGROUP,UTR240,48293623,0
bank_241,2026-08-13 09:00:00,NEFT CR-UTR:UTR241 SETTL setl_241 RZPGROUP,UTR241,24749471,0
bank_242,2026-08-13 04:00:00,NEFT CR-UTR:UTR242 SETTL setl_242 RZPGROUP,UTR242,41991547,0
bank_243,2026-08-10 10:00:00,NEFT CR-UTR:UTR243 SETTL setl_243 RZPGROUP,UTR243,17828479,0
bank_244,2026-08-09 07:00:00,NEFT CR-UTR:UTR244 SETTL setl_244 RZPGROUP,UTR244,13977264,0
bank_245,2026-08-09 08:00:00,NEFT CR-UTR:UTR245 SETTL setl_245 RZPGROUP,UTR245,2696329,0
bank_246,2026-08-10 06:00:00,NEFT CR-UTR:UTR246 SETTL setl_246 RZPGROUP,UTR246,17005764,0
bank_247,2026-08-11 11:00:00,NEFT CR-UTR:UTR247 SETTL setl_247 RZPGROUP,UTR247,33520105,0
bank_249,2026-08-15 04:00:00,NEFT CR-UTR:UTR249 SETTL setl_249 RZPGROUP,UTR249,21489783,0
bank_250,2026-08-17 04:00:00,NEFT CR-UTR:UTR250 SETTL setl_250 RZPGROUP,UTR250,44979331,0
bank_251,2026-08-11 11:00:00,NEFT CR-UTR:UTR251 SETTL setl_251 RZPGROUP,UTR251,14664747,0
bank_253,2026-08-15 03:00:00,NEFT CR-UTR:UTR253 SETTL setl_253 RZPGROUP,UTR253,27439906,0
bank_254,2026-08-11 08:00:00,NEFT CR-UTR:UTR254 SETTL setl_254 RZPGROUP,UTR254,42432792,0
bank_256,2026-08-10 08:00:00,NEFT CR-UTR:UTR256 SETTL setl_256 RZPGROUP,UTR256,12154228,0
bank_257,2026-08-12 08:00:00,NEFT CR-UTR:UTR257 SETTL setl_257 RZPGROUP,UTR257,2153646,0
bank_259,2026-08-14 08:00:00,NEFT CR-UTR:UTR259 SETTL setl_259 RZPGROUP,UTR259,18912673,0
bank_260,2026-08-12 09:00:00,NEFT CR-UTR:UTR260 SETTL setl_260 RZPGROUP,UTR260,38375254,0
bank_261,2026-08-16 09:00:00,NEFT CR-UTR:UTR261 SETTL setl_261 RZPGROUP,UTR261,34925340,0
bank_262,2026-08-10 09:00:00,NEFT CR SETTL setl_262 RZPGROUP,,42523783,0
bank_263,2026-08-17 05:00:00,NEFT CR-UTR:UTR263 SETTL setl_263 RZPGROUP,UTR263,22716044,0
bank_264,2026-08-15 12:00:00,NEFT CR-UTR:UTR264 SETTL setl_264 RZPGROUP,UTR264,23309500,0
bank_265,2026-08-13 03:00:00,NEFT CR-UTR:UTR265 SETTL setl_265 RZPGROUP,UTR265,23767432,0
bank_266,2026-08-16 06:00:00,NEFT CR-UTR:UTR266 SETTL setl_266 RZPGROUP,UTR266,29672186,0
bank_268,2026-08-16 11:00:00,NEFT CR SETTL setl_268 RZPGROUP,,39462378,0
bank_269,2026-08-16 08:00:00,NEFT CR SETTL setl_269 RZPGROUP,,19327448,0
bank_270,2026-08-09 06:00:00,NEFT CR-UTR:UTR270 SETTL setl_270 RZPGROUP,UTR270,20218803,0
bank_271,2026-08-09 11:00:00,NEFT CR-UTR:UTR271 SETTL setl_271 RZPGROUP,UTR271,23799458,0
bank_273,2026-08-11 02:00:00,NEFT CR-UTR:UTR273 SETTL setl_273 RZPGROUP,UTR273,41535959,0
bank_274,2026-08-17 12:00:00,NEFT CR SETTL setl_274 RZPGROUP,,30502444,0
bank_275,2026-08-15 06:00:00,NEFT CR-UTR:UTR275 SETTL setl_275 RZPGROUP,UTR275,22568705,0
bank_276,2026-08-12 11:00:00,NEFT CR-UTR:UTR276 SETTL setl_276 RZPGROUP,UTR276,41858854,0
bank_277,2026-08-11 09:00:00,NEFT CR-UTR:UTR277 SETTL setl_277 RZPGROUP,UTR277,11413140,0
bank_278,2026-08-11 06:00:00,NEFT CR-UTR:UTR278 SETTL setl_278 RZPGROUP,UTR278,28552377,0
bank_280,2026-08-10 10:00:00,NEFT CR SETTL setl_280 RZPGROUP,,9510625,0
bank_281,2026-08-10 05:00:00,NEFT CR-UTR:UTR281 SETTL setl_281 RZPGROUP,UTR281,41346440,0
bank_282,2026-08-13 08:00:00,NEFT CR-UTR:UTR282 SETTL setl_282 RZPGROUP,UTR282,12529849,0
bank_284,2026-08-17 06:00:00,NEFT CR SETTL setl_284 RZPGROUP,,34583893,0
bank_287,2026-08-14 10:00:00,NEFT CR SETTL setl_287 RZPGROUP,,16561502,0
bank_288,2026-08-13 11:00:00,NEFT CR-UTR:UTR288 SETTL setl_288 RZPGROUP,UTR288,13487307,0
bank_289,2026-08-14 11:00:00,NEFT CR-UTR:UTR289 SETTL setl_289 RZPGROUP,UTR289,46903523,0
bank_290,2026-08-15 06:00:00,NEFT CR-UTR:UTR290 SETTL setl_290 RZPGROUP,UTR290,44331392,0
bank_291,2026-08-14 10:00:00,NEFT CR-UTR:UTR291 SETTL setl_291 RZPGROUP,UTR291,7899760,0
bank_292,2026-08-13 09:00:00,NEFT CR-UTR:UTR292 SETTL setl_292 RZPGROUP,UTR292,28285820,0
bank_293,2026-08-13 05:00:00,NEFT CR-UTR:UTR293 SETTL setl_293 RZPGROUP,UTR293,8709684,0
bank_295,2026-08-15 05:00:00,NEFT CR-UTR:UTR295 SETTL setl_295 RZPGROUP,UTR295,21208580,0
bank_296,2026-08-10 12:00:00,NEFT CR-UTR:UTR296 SETTL setl_296 RZPGROUP,UTR296,11294215,0
bank_297,2026-08-18 12:00:00,NEFT CR-UTR:UTR297 SETTL setl_297 RZPGROUP,UTR297,857878,0
bank_298,2026-08-17 12:00:00,NEFT CR SETTL setl_298 RZPGROUP,,14773616,0
bank_299,2026-08-15 08:00:00,NEFT CR-UTR:UTR299 SETTL setl_299 RZPGROUP,UTR299,7719907,0
bank_300,2026-08-12 09:00:00,NEFT CR-UTR:UTR300 SETTL setl_300 RZPGROUP,UTR300,4142670,0
bank_301,2026-08-17 05:00:00,NEFT CR-UTR:UTR301 SETTL setl_301 RZPGROUP,UTR301,15453776,0
bank_302,2026-08-10 02:00:00,NEFT CR-UTR:UTR302 SETTL setl_302 RZPGROUP,UTR302,28391174,0
bank_303,2026-08-11 08:00:00,NEFT CR SETTL setl_303 RZPGROUP,,25686058,0
bank_305,2026-08-09 03:00:00,NEFT CR-UTR:UTR305 SETTL setl_305 RZPGROUP,UTR305,46134705,0
bank_306,2026-08-15 12:00:00,NEFT CR-UTR:UTR306 SETTL setl_306 RZPGROUP,UTR306,30148791,0
bank_307,2026-08-11 07:00:00,NEFT CR-UTR:UTR307 SETTL setl_307 RZPGROUP,UTR307,12407701,0
bank_309,2026-08-16 09:00:00,NEFT CR-UTR:UTR309 SETTL setl_309 RZPGROUP,UTR309,43030632,0
bank_310,2026-08-11 12:00:00,NEFT CR-UTR:UTR310 SETTL setl_310 RZPGROUP,UTR310,40208543,0
bank_311,2026-08-11 03:00:00,NEFT CR-UTR:UTR311 SETTL setl_311 RZPGROUP,UTR311,9605824,0
bank_312,2026-08-16 10:00:00,NEFT CR-UTR:UTR312 SETTL setl_312 RZPGROUP,UTR312,13815475,0
bank_313,2026-08-17 05:00:00,NEFT CR-UTR:UTR313 SETTL setl_313 RZPGROUP,UTR313,18562341,0
bank_315,2026-08-09 10:00:00,NEFT CR-UTR:UTR315 SETTL setl_315 RZPGROUP,UTR315,23074578,0
bank_315,2026-08-09 10:00:00,NEFT CR-UTR:UTR315 SETTL setl_315 RZPGROUP,UTR315,23074578,0
bank_316,2026-08-17 10:00:00,NEFT CR-UTR:UTR316 SETTL setl_316 RZPGROUP,UTR316,28348895,0
bank_318,2026-08-13 06:00:00,NEFT CR-UTR:UTR318 SETTL setl_318 RZPGROUP,UTR318,7205051,0
bank_319,2026-08-12 06:00:00,NEFT CR-UTR:UTR319 SETTL setl_319 RZPGROUP,UTR319,8657153,0
bank_320,2026-08-13 08:00:00,NEFT CR-UTR:UTR320 SETTL setl_320 RZPGROUP,UTR320,18584115,0
bank_321,2026-08-16 10:00:00,NEFT CR-UTR:UTR321 SETTL setl_321 RZPGROUP,UTR321,5573682,0
bank_322,2026-08-12 11:00:00,NEFT CR-UTR:UTR322 SETTL setl_322 RZPGROUP,UTR322,19544697,0
bank_324,2026-08-11 08:00:00,NEFT CR-UTR:UTR324 SETTL setl_324 RZPGROUP,UTR324,15017228,0
bank_326,2026-08-14 12:00:00,NEFT CR-UTR:UTR326 SETTL setl_326 RZPGROUP,UTR326,48369880,0
bank_327,2026-08-11 05:00:00,NEFT CR-UTR:UTR327 SETTL setl_327 RZPGROUP,UTR327,34548352,0
bank_329a,2026-08-09 08:00:00,NEFT CR-EXTERNAL REF,,20615417,0
bank_329b,2026-08-09 08:00:00,NEFT CR-EXTERNAL REF,,20615417,0
bank_332,2026-08-14 08:00:00,NEFT CR-UTR:UTR332 SETTL setl_332 RZPGROUP,UTR332,5160433,0
bank_334,2026-08-11 05:00:00,NEFT CR-UTR:UTR334 SETTL setl_334 RZPGROUP,UTR334,15221198,0
bank_335,2026-08-13 11:00:00,NEFT CR-UTR:UTR335 SETTL setl_335 RZPGROUP,UTR335,16063733,0
bank_336,2026-08-16 11:00:00,NEFT CR-UTR:UTR336 SETTL setl_336 RZPGROUP,UTR336,24473076,0
bank_337,2026-08-16 03:00:00,NEFT CR-UTR:UTR337 SETTL setl_337 RZPGROUP,UTR337,2384955,0
bank_338,2026-08-15 07:00:00,NEFT CR-UTR:UTR338 SETTL setl_338 RZPGROUP,UTR338,47701730,0
bank_339,2026-08-12 07:00:00,NEFT CR-UTR:UTR339 SETTL setl_339 RZPGROUP,UTR339,11966661,0
bank_340,2026-08-14 10:00:00,NEFT CR-UTR:UTR340 SETTL setl_340 RZPGROUP,UTR340,1532021,0
bank_341,2026-08-13 05:00:00,NEFT CR-UTR:UTR341 SETTL setl_341 RZPGROUP,UTR341,10632020,0
bank_342,2026-08-15 13:00:00,NEFT CR-UTR:UTR342 SETTL setl_342 RZPGROUP,UTR342,16785195,0
bank_343,2026-08-12 10:00:00,NEFT CR-UTR:UTR343 SETTL setl_343 RZPGROUP,UTR343,32814461,0
bank_345,2026-08-16 07:00:00,NEFT CR-UTR:UTR345 SETTL setl_345 RZPGROUP,UTR345,12000056,0
bank_348,2026-08-11 09:00:00,NEFT CR-UTR:UTR348 SETTL setl_348 RZPGROUP,UTR348,8639676,0
bank_349,2026-08-17 08:00:00,NEFT CR-UTR:UTR349 SETTL setl_349 RZPGROUP,UTR349,31806133,0
bank_350,2026-08-12 12:00:00,NEFT CR-UTR:UTR350 SETTL setl_350 RZPGROUP,UTR350,41829660,0
bank_351,2026-08-10 10:00:00,NEFT CR-UTR:UTR351 SETTL setl_351 RZPGROUP,UTR351,36450868,0
bank_352,2026-08-18 07:00:00,NEFT CR-UTR:UTR352 SETTL setl_352 RZPGROUP,UTR352,15050132,0
bank_353,2026-08-10 11:00:00,NEFT CR-UTR:UTR353 SETTL setl_353 RZPGROUP,UTR353,40064817,0
bank_354,2026-08-10 11:00:00,NEFT CR-UTR:UTR354 SETTL setl_354 RZPGROUP,UTR354,39776779,0
bank_355,2026-08-11 06:00:00,NEFT CR SETTL setl_355 RZPGROUP,,11285036,0
bank_357,2026-08-12 09:00:00,NEFT CR-UTR:UTR357 SETTL setl_357 RZPGROUP,UTR357,41598644,0
bank_358,2026-08-15 06:00:00,NEFT CR-UTR:UTR358 SETTL setl_358 RZPGROUP,UTR358,2153646,0
bank_359,2026-08-16 11:00:00,NEFT CR-UTR:UTR359 SETTL setl_359 RZPGROUP,UTR359,27677914,0
bank_360,2026-08-17 05:00:00,NEFT CR-UTR:UTR360 SETTL setl_360 RZPGROUP,UTR360,2153646,0
bank_361,2026-08-16 06:00:00,NEFT CR-UTR:UTR361 SETTL setl_361 RZPGROUP,UTR361,36004653,0
bank_362,2026-08-12 12:00:00,NEFT CR-UTR:UTR362 SETTL setl_362 RZPGROUP,UTR362,39078555,0
bank_363,2026-08-11 05:00:00,NEFT CR-UTR:UTR363 SETTL setl_363 RZPGROUP,UTR363,19303233,0
bank_363,2026-08-11 05:00:00,NEFT CR-UTR:UTR363 SETTL setl_363 RZPGROUP,UTR363,19303233,0
bank_364,2026-08-10 10:00:00,NEFT CR-UTR:UTR364 SETTL setl_364 RZPGROUP,UTR364,23374138,0
bank_365,2026-08-16 11:00:00,NEFT CR-UTR:UTR365 SETTL setl_365 RZPGROUP,UTR365,43616088,0
bank_367,2026-08-10 10:00:00,NEFT CR-UTR:UTR367 SETTL setl_367 RZPGROUP,UTR367,43734323,0
bank_368,2026-08-16 07:00:00,NEFT CR-UTR:UTR368 SETTL setl_368 RZPGROUP,UTR368,931096,0
bank_370,2026-08-12 06:00:00,NEFT CR-UTR:UTR370 SETTL setl_370 RZPGROUP,UTR370,33606907,0
bank_371,2026-08-13 05:00:00,NEFT CR-UTR:UTR371 SETTL setl_371 RZPGROUP,UTR371,20386940,0
bank_373,2026-08-11 02:00:00,NEFT CR SETTL setl_373 RZPGROUP,,34906886,0
bank_374,2026-08-11 07:00:00,NEFT CR SETTL setl_374 RZPGROUP,,44139725,0
bank_375,2026-08-17 04:00:00,NEFT CR SETTL setl_375 RZPGROUP,,4670610,0
bank_376,2026-08-11 08:00:00,NEFT CR-UTR:UTR376 SETTL setl_376 RZPGROUP,UTR376,2153646,0
bank_377,2026-08-15 10:00:00,NEFT CR-UTR:UTR377 SETTL setl_377 RZPGROUP,UTR377,33373060,0
bank_378,2026-08-11 10:00:00,NEFT CR-UTR:UTR378 SETTL setl_378 RZPGROUP,UTR378,47188338,0
bank_379,2026-08-17 09:00:00,NEFT CR-UTR:UTR379 SETTL setl_379 RZPGROUP,UTR379,38616425,0
bank_380,2026-08-14 03:00:00,NEFT CR-UTR:UTR380 SETTL setl_380 RZPGROUP,UTR380,12782151,0
bank_381,2026-08-14 07:00:00,NEFT CR-UTR:UTR381 SETTL setl_381 RZPGROUP,UTR381,43502428,0
bank_382,2026-08-17 06:00:00,NEFT CR-UTR:UTR382 SETTL setl_382 RZPGROUP,UTR382,24681547,0
bank_383,2026-08-16 05:00:00,NEFT CR-UTR:UTR383 SETTL setl_383 RZPGROUP,UTR383,25671997,0
bank_384,2026-08-11 07:00:00,NEFT CR-UTR:UTR384 SETTL setl_384 RZPGROUP,UTR384,44163939,0
bank_385,2026-08-16 02:00:00,NEFT CR-UTR:UTR385 SETTL setl_385 RZPGROUP,UTR385,30165586,0
bank_386,2026-08-12 06:00:00,NEFT CR SETTL setl_386 RZPGROUP,,48661921,0
bank_387,2026-08-10 04:00:00,NEFT CR-UTR:UTR387 SETTL setl_387 RZPGROUP,UTR387,32887691,0
bank_388,2026-08-10 08:00:00,NEFT CR-UTR:UTR388 SETTL setl_388 RZPGROUP,UTR388,2153646,0
bank_389,2026-08-16 06:00:00,NEFT CR SETTL setl_389 RZPGROUP,,30118133,0
bank_390a,2026-08-16 10:00:00,NEFT CR-EXTERNAL REF,,12612843,0
bank_390b,2026-08-16 10:00:00,NEFT CR-EXTERNAL REF,,12612843,0
bank_391,2026-08-15 03:00:00,NEFT CR-UTR:UTR391 SETTL setl_391 RZPGROUP,UTR391,34195188,0
bank_393,2026-08-14 05:00:00,NEFT CR-UTR:UTR393 SETTL setl_393 RZPGROUP,UTR393,38479729,0
bank_394,2026-08-17 10:00:00,NEFT CR-UTR:UTR394 SETTL setl_394 RZPGROUP,UTR394,27004466,0
bank_395,2026-08-11 04:00:00,NEFT CR-UTR:UTR395 SETTL setl_395 RZPGROUP,UTR395,2935945,0
bank_397,2026-08-10 07:00:00,NEFT CR-UTR:UTR397 SETTL setl_397 RZPGROUP,UTR397,2451448,0
bank_398,2026-08-12 07:00:00,NEFT CR-UTR:UTR398 SETTL setl_398 RZPGROUP,UTR398,28399571,0
bank_399,2026-08-16 08:00:00,NEFT CR-UTR:UTR399 SETTL setl_399 RZPGROUP,UTR399,13953708,0
bank_401,2026-08-14 07:00:00,NEFT CR-UTR:UTR401 SETTL setl_401 RZPGROUP,UTR401,39695640,0
bank_404,2026-08-12 02:00:00,NEFT CR-UTR:UTR404 SETTL setl_404 RZPGROUP,UTR404,424051,0
bank_404,2026-08-12 02:00:00,NEFT CR-UTR:UTR404 SETTL setl_404 RZPGROUP,UTR404,424051,0
bank_405,2026-08-13 02:00:00,NEFT CR-UTR:UTR405 SETTL setl_405 RZPGROUP,UTR405,48780163,0
bank_407,2026-08-14 05:00:00,NEFT CR-UTR:UTR407 SETTL setl_407 RZPGROUP,UTR407,36528101,0
bank_408,2026-08-17 03:00:00,NEFT CR-UTR:UTR408 SETTL setl_408 RZPGROUP,UTR408,23566781,0
bank_409,2026-08-18 10:00:00,NEFT CR-UTR:UTR409 SETTL setl_409 RZPGROUP,UTR409,30397578,0
bank_410,2026-08-13 10:00:00,NEFT CR-UTR:UTR410 SETTL setl_410 RZPGROUP,UTR410,43657090,0
bank_411,2026-08-16 06:00:00,NEFT CR-UTR:UTR411 SETTL setl_411 RZPGROUP,UTR411,12056490,0
bank_413,2026-08-13 07:00:00,NEFT CR-UTR:UTR413 SETTL setl_413 RZPGROUP,UTR413,27532332,0
bank_416,2026-08-09 02:00:00,NEFT CR-UTR:UTR416 SETTL setl_416 RZPGROUP,UTR416,20381960,0
bank_419,2026-08-16 07:00:00,NEFT CR-UTR:UTR419 SETTL setl_419 RZPGROUP,UTR419,19153063,0
bank_420,2026-08-10 04:00:00,NEFT CR-UTR:UTR420 SETTL setl_420 RZPGROUP,UTR420,46252666,0
bank_421,2026-08-11 05:00:00,NEFT CR-UTR:UTR421 SETTL setl_421 RZPGROUP,UTR421,48334339,0
bank_423,2026-08-15 06:00:00,NEFT CR-UTR:UTR423 SETTL setl_423 RZPGROUP,UTR423,46595078,0
bank_424,2026-08-15 06:00:00,NEFT CR-UTR:UTR424 SETTL setl_424 RZPGROUP,UTR424,31534596,0
bank_425,2026-08-13 12:00:00,NEFT CR SETTL setl_425 RZPGROUP,,4588202,0
bank_426,2026-08-10 05:00:00,NEFT CR-UTR:UTR426 SETTL setl_426 RZPGROUP,UTR426,12851865,0
bank_427,2026-08-10 12:00:00,NEFT CR-UTR:UTR427 SETTL setl_427 RZPGROUP,UTR427,2153646,0
bank_428,2026-08-15 02:00:00,NEFT CR-UTR:UTR428 SETTL setl_428 RZPGROUP,UTR428,13941626,0
bank_432,2026-08-13 11:00:00,NEFT CR-UTR:UTR432 SETTL setl_432 RZPGROUP,UTR432,12206953,0
bank_433,2026-08-16 06:00:00,NEFT CR-UTR:UTR433 SETTL setl_433 RZPGROUP,UTR433,28949479,0
bank_434,2026-08-17 03:00:00,NEFT CR-UTR:UTR434 SETTL setl_434 RZPGROUP,UTR434,25203716,0
bank_435,2026-08-10 03:00:00,NEFT CR-UTR:UTR435 SETTL setl_435 RZPGROUP,UTR435,27047257,0
bank_436,2026-08-15 11:00:00,NEFT CR-UTR:UTR436 SETTL setl_436 RZPGROUP,UTR436,17541515,0
bank_437,2026-08-16 06:00:00,NEFT CR-UTR:UTR437 SETTL setl_437 RZPGROUP,UTR437,36172008,0
bank_438,2026-08-16 08:00:00,NEFT CR-UTR:UTR438 SETTL setl_438 RZPGROUP,UTR438,30096652,0
bank_439,2026-08-12 10:00:00,NEFT CR SETTL setl_439 RZPGROUP,,37587788,0
bank_440,2026-08-16 09:00:00,NEFT CR-UTR:UTR440 SETTL setl_440 RZPGROUP,UTR440,34167166,0
bank_441,2026-08-18 12:00:00,NEFT CR-UTR:UTR441 SETTL setl_441 RZPGROUP,UTR441,9074759,0
bank_442,2026-08-16 10:00:00,NEFT CR-UTR:UTR442 SETTL setl_442 RZPGROUP,UTR442,11405524,0
bank_444,2026-08-13 07:00:00,NEFT CR-UTR:UTR444 SETTL setl_444 RZPGROUP,UTR444,680942,0
bank_446,2026-08-12 09:00:00,NEFT CR-UTR:UTR446 SETTL setl_446 RZPGROUP,UTR446,8612727,0
bank_447,2026-08-10 05:00:00,NEFT CR-UTR:UTR447 SETTL setl_447 RZPGROUP,UTR447,42525443,0
bank_448,2026-08-17 09:00:00,NEFT CR-UTR:UTR448 SETTL setl_448 RZPGROUP,UTR448,15194444,0
bank_449,2026-08-11 06:00:00,NEFT CR-UTR:UTR449 SETTL setl_449 RZPGROUP,UTR449,6550966,0
bank_450,2026-08-18 09:00:00,NEFT CR-UTR:UTR450 SETTL setl_450 RZPGROUP,UTR450,36162644,0
bank_451,2026-08-17 11:00:00,NEFT CR-UTR:UTR451 SETTL setl_451 RZPGROUP,UTR451,2839176,0
bank_452,2026-08-09 06:00:00,NEFT CR-UTR:UTR452 SETTL setl_452 RZPGROUP,UTR452,37074751,0
bank_453,2026-08-12 09:00:00,NEFT CR-UTR:UTR453 SETTL setl_453 RZPGROUP,UTR453,2638526,0
bank_454,2026-08-16 06:00:00,NEFT CR-UTR:UTR454 SETTL setl_454 RZPGROUP,UTR454,21987357,0
bank_456,2026-08-12 09:00:00,NEFT CR-UTR:UTR456 SETTL setl_456 RZPGROUP,UTR456,40276598,0
bank_457,2026-08-10 10:00:00,NEFT CR-UTR:UTR457 SETTL setl_457 RZPGROUP,UTR457,24517599,0
bank_458,2026-08-11 04:00:00,NEFT CR SETTL setl_458 RZPGROUP,,9649078,0
bank_459,2026-08-13 02:00:00,NEFT CR-UTR:UTR459 SETTL setl_459 RZPGROUP,UTR459,11679307,0
bank_460,2026-08-12 11:00:00,NEFT CR-UTR:UTR460 SETTL setl_460 RZPGROUP,UTR460,34240737,0
bank_461,2026-08-09 11:00:00,NEFT CR SETTL setl_461 RZPGROUP,,41993012,0
bank_462,2026-08-16 08:00:00,NEFT CR-UTR:UTR462 SETTL setl_462 RZPGROUP,UTR462,15396266,0
bank_464,2026-08-11 07:00:00,NEFT CR-UTR:UTR464 SETTL setl_464 RZPGROUP,UTR464,2372238,0
bank_465,2026-08-13 07:00:00,NEFT CR-UTR:UTR465 SETTL setl_465 RZPGROUP,UTR465,13299154,0
bank_467,2026-08-15 06:00:00,NEFT CR-UTR:UTR467 SETTL setl_467 RZPGROUP,UTR467,21313543,0
bank_468,2026-08-10 10:00:00,NEFT CR-UTR:UTR468 SETTL setl_468 RZPGROUP,UTR468,44504898,0
bank_469,2026-08-11 03:00:00,NEFT CR-UTR:UTR469 SETTL setl_469 RZPGROUP,UTR469,29380267,0
bank_470,2026-08-11 02:00:00,NEFT CR-UTR:UTR470 SETTL setl_470 RZPGROUP,UTR470,23618025,0
bank_471,2026-08-11 08:00:00,NEFT CR SETTL setl_471 RZPGROUP,,38273611,0
bank_473,2026-08-11 11:00:00,NEFT CR SETTL setl_473 RZPGROUP,,38169917,0
bank_474,2026-08-17 08:00:00,NEFT CR-UTR:UTR474 SETTL setl_474 RZPGROUP,UTR474,33144484,0
bank_475,2026-08-09 07:00:00,NEFT CR-UTR:UTR475 SETTL setl_475 RZPGROUP,UTR475,2153646,0
bank_476,2026-08-09 09:00:00,NEFT CR-UTR:UTR476 SETTL setl_476 RZPGROUP,UTR476,16024482,0
bank_478,2026-08-13 09:00:00,NEFT CR-UTR:UTR478 SETTL setl_478 RZPGROUP,UTR478,47092944,0
bank_479,2026-08-17 06:00:00,NEFT CR-UTR:UTR479 SETTL setl_479 RZPGROUP,UTR479,20417696,0
bank_480,2026-08-15 11:00:00,NEFT CR-UTR:UTR480 SETTL setl_480 RZPGROUP,UTR480,22934270,0
bank_481,2026-08-16 07:00:00,NEFT CR-UTR:UTR481 SETTL setl_481 RZPGROUP,UTR481,38438037,0
bank_482,2026-08-14 07:00:00,NEFT CR-UTR:UTR482 SETTL setl_482 RZPGROUP,UTR482,43805991,0
bank_483,2026-08-11 03:00:00,NEFT CR-UTR:UTR483 SETTL setl_483 RZPGROUP,UTR483,33453320,0
bank_484,2026-08-18 07:00:00,NEFT CR-UTR:UTR484 SETTL setl_484 RZPGROUP,UTR484,30870937,0
bank_486,2026-08-10 12:00:00,NEFT CR-UTR:UTR486 SETTL setl_486 RZPGROUP,UTR486,15564891,0
bank_487,2026-08-13 08:00:00,NEFT CR-UTR:UTR487 SETTL setl_487 RZPGROUP,UTR487,33235973,0
bank_489a,2026-08-10 07:00:00,NEFT CR-EXTERNAL REF,,7772730,0
bank_489b,2026-08-10 07:00:00,NEFT CR-EXTERNAL REF,,7772730,0
bank_491,2026-08-11 06:00:00,NEFT CR-UTR:UTR491 SETTL setl_491 RZPGROUP,UTR491,20809623,0
bank_492,2026-08-10 09:00:00,NEFT CR SETTL setl_492 RZPGROUP,,32773843,0
bank_493,2026-08-10 06:00:00,NEFT CR-UTR:UTR493 SETTL setl_493 RZPGROUP,UTR493,5094075,0
bank_494,2026-08-17 08:00:00,NEFT CR-UTR:UTR494 SETTL setl_494 RZPGROUP,UTR494,33599096,0
bank_495,2026-08-13 10:00:00,NEFT CR-UTR:UTR495 SETTL setl_495 RZPGROUP,UTR495,40441122,0
bank_496,2026-08-16 12:00:00,NEFT CR-UTR:UTR496 SETTL setl_496 RZPGROUP,UTR496,43672517,0
bank_497,2026-08-15 06:00:00,NEFT CR SETTL setl_497 RZPGROUP,,45628637,0
bank_498,2026-08-16 08:00:00,NEFT CR-UTR:UTR498 SETTL setl_498 RZPGROUP,UTR498,2865149,0
bank_499,2026-08-10 04:00:00,NEFT CR-UTR:UTR499 SETTL setl_499 RZPGROUP,UTR499,45803608,0
bank_noise_00,2026-08-20 23:00:00,BANK CHARGE QUARTERLY,UTRNOISE00,0,5900
bank_noise_01,2026-08-19 00:00:00,BANK CHARGE SMS ALERT,UTRNOISE01,0,1200
