internal_id,order_id,payment_id,created_at,amount_paise,currency,payment_status
int_001,order_001,pay_001,2026-08-09 00:00:00,5783400,INR,captured
int_002,order_002,pay_002,2026-08-12 18:00:00,47259900,INR,captured
int_003,order_003,pay_003,2026-08-06 22:00:00,27358700,INR,captured
int_004,order_004,pay_004,2026-08-09 18:00:00,32771200,INR,captured
int_005,order_005,pay_005,2026-08-10 02:00:00,17201300,INR,captured
int_006,order_006,pay_006,2026-08-12 21:00:00,35610900,INR,captured
int_007,order_007,pay_007,2026-08-18 00:00:00,15142500,INR,captured
int_008,order_008,pay_008,2026-08-12 22:00:00,35522300,INR,captured
int_009,order_009,pay_009,2026-08-10 16:00:00,27124500,INR,captured
int_010,order_010,pay_010,2026-08-19 03:00:00,42387100,INR,captured
int_011,order_011,pay_011,2026-08-13 22:00:00,32148300,INR,captured
int_012,order_012,pay_012,2026-08-09 18:00:00,26019600,INR,captured
int_013,order_013,pay_013,2026-08-09 17:00:00,40911600,INR,captured
int_014,order_014,pay_014,2026-08-12 00:00:00,29324100,INR,captured
int_015,order_015,pay_015,2026-08-10 00:00:00,29403700,INR,captured
int_016,order_016,pay_016,2026-08-08 05:00:00,39088900,INR,captured
int_017,order_017,pay_017,2026-08-12 04:00:00,25506800,INR,captured
int_018,order_018,pay_018,2026-08-11 04:00:00,14345600,INR,captured
int_019,order_019,pay_019,2026-08-13 22:00:00,20182000,INR,captured
int_020,order_020,pay_020,2026-08-09 04:00:00,28548400,INR,captured
int_021,order_021,pay_021,2026-08-15 07:00:00,47539500,INR,captured
int_022,order_022,pay_022,2026-08-18 00:00:00,39603700,INR,captured
int_023,order_023,pay_023,2026-08-10 02:00:00,2205700,INR,captured
int_024,order_024,pay_024,2026-08-13 23:00:00,38067900,INR,captured
int_025,order_025,pay_025,2026-08-15 00:00:00,31132200,INR,captured
int_026,order_026,pay_026,2026-08-13 04:00:00,2736300,INR,captured
int_027,order_027,pay_027,2026-08-09 01:00:00,17794700,INR,captured
int_028,order_028,pay_028,2026-08-06 22:00:00,1116200,INR,captured
int_029,order_029,pay_029,2026-08-16 04:00:00,39643500,INR,captured
int_030,order_030,pay_030,2026-08-08 19:00:00,6717600,INR,captured
int_031,order_031,pay_031,2026-08-14 02:00:00,8896900,INR,captured
int_032,order_032,pay_032,2026-08-10 06:00:00,30288300,INR,captured
int_033,order_033,pay_033,2026-08-11 21:00:00,36652900,INR,captured
int_034,order_034,pay_034,2026-08-08 00:00:00,3715300,INR,captured
int_035,order_035,pay_035,2026-08-11 02:00:00,22829100,INR,captured
int_036,order_036,pay_036,2026-08-11 02:00:00,34202700,INR,captured
int_037,order_037,pay_037,2026-08-11 19:00:00,44754200,INR,captured
int_038,order_038,pay_038,2026-08-09 23:00:00,29976500,INR,captured
int_039,order_039,pay_039,2026-08-12 01:00:00,25661600,INR,captured
int_040,order_040,pay_040,2026-08-12 00:00:00,36862200,INR,captured
int_041,order_041,pay_041,2026-08-06 18:00:00,25715500,INR,captured
int_042,order_042,pay_042,2026-08-14 23:00:00,41672500,INR,captured
int_043,order_043,pay_043,2026-08-10 02:00:00,16154000,INR,captured
int_044,order_044,pay_044,2026-08-08 01:00:00,36949800,INR,captured
int_045,order_045,pay_045,2026-08-12 19:00:00,37916000,INR,captured
int_046,order_046,pay_046,2026-08-08 04:00:00,11444700,INR,captured
int_047,order_047,pay_047,2026-08-10 03:00:00,12026600,INR,captured
int_048,order_048,pay_048,2026-08-18 19:00:00,2486300,INR,captured
int_049,order_049,pay_049,2026-08-14 22:00:00,45855600,INR,captured
int_050,order_050,pay_050,2026-08-15 04:00:00,9765900,INR,captured
int_051,order_051,pay_051,2026-08-14 23:00:00,25881600,INR,captured
int_052,order_052,pay_052,2026-08-14 23:00:00,13112300,INR,captured
int_053,order_053,pay_053,2026-08-08 01:00:00,47731700,INR,captured
int_054,order_054,pay_054,2026-08-19 00:00:00,38901900,INR,captured
int_055,order_055,pay_055,2026-08-14 02:00:00,12675800,INR,captured
int_056,order_056,pay_056,2026-08-09 02:00:00,36242900,INR,captured
int_057,order_057,pay_057,2026-08-08 22:00:00,2205700,INR,captured
int_058,order_058,pay_058,2026-08-08 00:00:00,6117500,INR,captured
int_059,order_059,pay_059,2026-08-12 22:00:00,3226700,INR,captured
int_060,order_060,pay_060,2026-08-10 23:00:00,36206500,INR,captured
int_061,order_061,pay_061,2026-08-14 22:00:00,4317400,INR,captured
int_062,order_062,pay_062,2026-08-11 16:00:00,4888100,INR,captured
int_063,order_063,pay_063,2026-08-07 06:00:00,24767700,INR,captured
int_064,order_064,pay_064,2026-08-08 01:00:00,4883700,INR,captured
int_065,order_065,pay_065,2026-08-12 19:00:00,45069900,INR,captured
int_066,order_066,pay_066,2026-08-09 00:00:00,34838400,INR,captured
int_067,order_067,pay_067,2026-08-18 21:00:00,17048800,INR,captured
int_068,order_068,pay_068,2026-08-11 20:00:00,2941800,INR,captured
int_069,order_069,pay_069,2026-08-10 20:00:00,10772300,INR,captured
int_070,order_070,pay_070,2026-08-13 00:00:00,1613500,INR,captured
int_071,order_071,pay_071,2026-08-14 21:00:00,21490400,INR,captured
int_072,order_072,pay_072,2026-08-10 22:00:00,26229200,INR,captured
int_072_dup,order_072,pay_072,2026-08-10 22:00:00,26229200,INR,captured
int_073,order_073,pay_073,2026-08-08 00:00:00,2205700,INR,captured
int_074,order_074,pay_074,2026-08-17 06:00:00,14583300,INR,captured
int_075,order_075,pay_075,2026-08-07 19:00:00,44007800,INR,captured
int_076,order_076,pay_076,2026-08-07 02:00:00,17529400,INR,captured
int_077,order_077,pay_077,2026-08-09 04:00:00,30078600,INR,captured
int_078,order_078,pay_078,2026-08-18 00:00:00,37074200,INR,captured
int_079,order_079,pay_079,2026-08-10 01:00:00,26434500,INR,captured
int_080,order_080,pay_080,2026-08-14 06:00:00,37976800,INR,captured
int_081,order_081,pay_081,2026-08-08 16:00:00,17850300,INR,captured
int_082,order_082,pay_082,2026-08-08 22:00:00,32962300,INR,captured
int_083,order_083,pay_083,2026-08-14 21:00:00,39252000,INR,captured
int_084,order_084,pay_084,2026-08-11 20:00:00,8822300,INR,captured
int_085,order_085,pay_085,2026-08-11 04:00:00,18893800,INR,captured
int_086,order_086,pay_086,2026-08-14 02:00:00,35845900,INR,captured
int_087,order_087,pay_087,2026-08-19 05:00:00,35915900,INR,captured
int_088,order_088,pay_088,2026-08-10 21:00:00,24194700,INR,captured
int_089,order_089,pay_089,2026-08-09 18:00:00,23259300,INR,captured
int_090,order_090,pay_090,2026-08-10 21:00:00,44418200,INR,captured
int_091,order_091,pay_091,2026-08-10 05:00:00,20094400,INR,captured
int_092,order_092,pay_092,2026-08-15 05:00:00,524500,INR,captured
int_093,order_093,pay_093,2026-08-12 19:00:00,33477100,INR,captured
int_094,order_094,pay_094,2026-08-07 14:00:00,16296900,INR,captured
int_095,order_095,pay_095,2026-08-11 04:00:00,47790600,INR,captured
int_096,order_096,pay_096,2026-08-07 04:00:00,41335900,INR,captured
int_097,order_097,pay_097,2026-08-11 23:00:00,42383200,INR,captured
int_098,order_098,pay_098,2026-08-12 06:00:00,39639200,INR,captured
int_099,order_099,pay_099,2026-08-06 21:00:00,13965200,INR,captured
int_100,order_100,pay_100,2026-08-10 19:00:00,20076700,INR,captured
int_101,order_101,pay_101,2026-08-07 20:00:00,46459300,INR,captured
int_102,order_102,pay_102,2026-08-12 05:00:00,47778100,INR,captured
int_103,order_103,pay_103,2026-08-08 23:00:00,16057400,INR,captured
int_104,order_104,pay_104,2026-08-11 01:00:00,23883900,INR,captured
int_105,order_105,pay_105,2026-08-09 18:00:00,32377900,INR,captured
int_106,order_106,pay_106,2026-08-17 03:00:00,23346000,INR,captured
int_107,order_107,pay_107,2026-08-09 21:00:00,47374800,INR,captured
int_108,order_108,pay_108,2026-08-08 16:00:00,49855400,INR,captured
int_109,order_109,pay_109,2026-08-10 19:00:00,41350600,INR,captured
int_110,order_110,pay_110,2026-08-17 01:00:00,43606300,INR,captured
int_111,order_111,pay_111,2026-08-16 03:00:00,41447600,INR,captured
int_112,order_112,pay_112,2026-08-15 22:00:00,5863300,INR,captured
int_113,order_113,pay_113,2026-08-15 03:00:00,17074900,INR,captured
int_114,order_114,pay_114,2026-08-13 19:00:00,27682000,INR,captured
int_115,order_115,pay_115,2026-08-18 23:00:00,31225100,INR,captured
int_116,order_116,pay_116,2026-08-08 18:00:00,15914100,INR,captured
int_117,order_117,pay_117,2026-08-14 07:00:00,36071200,INR,captured
int_118,order_118,pay_118,2026-08-13 22:00:00,31992300,INR,captured
int_119,order_119,pay_119,2026-08-06 21:00:00,31420500,INR,captured
int_120,order_120,pay_120,2026-08-13 21:00:00,41681000,INR,captured
int_121,order_121,pay_121,2026-08-07 20:00:00,17869700,INR,captured
int_122,order_122,pay_122,2026-08-10 03:00:00,22474700,INR,captured
int_123,order_123,pay_123,2026-08-14 01:00:00,4882800,INR,captured
int_124,order_124,pay_124,2026-08-16 00:00:00,29269800,INR,captured
int_125,order_125,pay_125,2026-08-15 00:00:00,45613000,INR,captured
int_126,order_126,pay_126,2026-08-12 00:00:00,26703000,INR,captured
int_127,order_127,pay_127,2026-08-08 02:00:00,2205700,INR,captured
int_128,order_128,pay_128,2026-08-07 01:00:00,44410400,INR,captured
int_129,order_129,pay_129,2026-08-11 06:00:00,36941600,INR,captured
int_130,order_130,pay_130,2026-08-17 05:00:00,29791500,INR,captured
int_131,order_131,pay_131,2026-08-15 22:00:00,39217700,INR,captured
int_132,order_132,pay_132,2026-08-09 20:00:00,8352700,INR,captured
int_133,order_133,pay_133,2026-08-13 21:00:00,8256800,INR,captured
int_134,order_134,pay_134,2026-08-08 04:00:00,25562600,INR,captured
int_135,order_135,pay_135,2026-08-13 21:00:00,22639800,INR,captured
int_136,order_136,pay_136,2026-08-09 22:00:00,11661500,INR,captured
int_137,order_137,pay_137,2026-08-13 00:00:00,40331200,INR,captured
int_138,order_138,pay_138,2026-08-17 05:00:00,26177300,INR,captured
int_139,order_139,pay_139,2026-08-13 00:00:00,36992600,INR,captured
int_140,order_140,pay_140,2026-08-07 17:00:00,1082500,INR,captured
int_141,order_141,pay_141,2026-08-09 23:00:00,21303400,INR,captured
int_142,order_142,pay_142,2026-08-12 07:00:00,9111100,INR,captured
int_143,order_143,pay_143,2026-08-10 01:00:00,12856700,INR,captured
int_144,order_144,pay_144,2026-08-10 19:00:00,11716700,INR,captured
int_145,order_145,pay_145,2026-08-11 19:00:00,26836100,INR,captured
int_146,order_146,pay_146,2026-08-14 03:00:00,5489900,INR,captured
int_147,order_147,pay_147,2026-08-07 22:00:00,9387500,INR,captured
int_148,order_148,pay_148,2026-08-07 19:00:00,8014500,INR,captured
int_149,order_149,pay_149,2026-08-16 02:00:00,31107400,INR,captured
int_150,order_150,pay_150,2026-08-15 05:00:00,2071700,INR,captured
int_150_dup,order_150,pay_150,2026-08-15 05:00:00,2071700,INR,captured
int_151,order_151,pay_151,2026-08-06 22:00:00,31246800,INR,captured
int_152,order_152,pay_152,2026-08-11 22:00:00,47760300,INR,captured
int_153,order_153,pay_153,2026-08-14 22:00:00,23720300,INR,captured
int_154,order_154,pay_154,2026-08-09 03:00:00,13088900,INR,captured
int_155,order_155,pay_155,2026-08-17 20:00:00,20411700,INR,captured
int_156,order_156,pay_156,2026-08-14 03:00:00,17385200,INR,captured
int_156_dup,order_156,pay_156,2026-08-14 03:00:00,17385200,INR,captured
int_157,order_157,pay_157,2026-08-15 23:00:00,4373000,INR,captured
int_158,order_158,pay_158,2026-08-13 19:00:00,31297200,INR,captured
int_159,order_159,pay_159,2026-08-11 18:00:00,35233300,INR,captured
int_160,order_160,pay_160,2026-08-11 22:00:00,19110500,INR,captured
int_161,order_161,pay_161,2026-08-13 23:00:00,11977300,INR,captured
int_162,order_162,pay_162,2026-08-06 16:00:00,40516000,INR,captured
int_163,order_163,pay_163,2026-08-10 01:00:00,2205700,INR,captured
int_164,order_164,pay_164,2026-08-14 21:00:00,2205700,INR,captured
int_165,order_165,pay_165,2026-08-18 00:00:00,32112700,INR,captured
int_166,order_166,pay_166,2026-08-16 18:00:00,42495100,INR,captured
int_167,order_167,pay_167,2026-08-11 05:00:00,40440700,INR,captured
int_168,order_168,pay_168,2026-08-10 20:00:00,7356000,INR,captured
int_169,order_169,pay_169,2026-08-15 03:00:00,44725600,INR,captured
int_170,order_170,pay_170,2026-08-07 02:00:00,47564100,INR,captured
int_171,order_171,pay_171,2026-08-10 01:00:00,46480000,INR,captured
int_172,order_172,pay_172,2026-08-13 02:00:00,19706300,INR,captured
int_173,order_173,pay_173,2026-08-15 04:00:00,16808200,INR,captured
int_174,order_174,pay_174,2026-08-07 20:00:00,48197900,INR,captured
int_175,order_175,pay_175,2026-08-11 20:00:00,1096300,INR,captured
int_176,order_176,pay_176,2026-08-11 03:00:00,40793700,INR,captured
int_177,order_177,pay_177,2026-08-08 19:00:00,22110900,INR,captured
int_178,order_178,pay_178,2026-08-11 21:00:00,30249000,INR,captured
int_179,order_179,pay_179,2026-08-12 21:00:00,18597700,INR,captured
int_180,order_180,pay_180,2026-08-13 18:00:00,19006000,INR,captured
int_181,order_181,pay_181,2026-08-11 00:00:00,19671700,INR,captured
int_182,order_182,pay_182,2026-08-15 06:00:00,38527200,INR,captured
int_183,order_183,pay_183,2026-08-12 22:00:00,17849600,INR,captured
int_184,order_184,pay_184,2026-08-07 22:00:00,3408200,INR,captured
int_185,order_185,pay_185,2026-08-14 22:00:00,46540900,INR,captured
int_186,order_186,pay_186,2026-08-11 21:00:00,24919700,INR,captured
int_187,order_187,pay_187,2026-08-11 00:00:00,45492700,INR,captured
int_188,order_188,pay_188,2026-08-08 05:00:00,39070700,INR,captured
int_189,order_189,pay_189,2026-08-07 18:00:00,19359500,INR,captured
int_190,order_190,pay_190,2026-08-13 04:00:00,22676200,INR,captured
int_191,order_191,pay_191,2026-08-16 20:00:00,34751200,INR,captured
int_192,order_192,pay_192,2026-08-08 06:00:00,2205700,INR,captured
int_193,order_193,pay_193,2026-08-17 15:00:00,22903400,INR,captured
int_194,order_194,pay_194,2026-08-13 01:00:00,27000400,INR,captured
int_195,order_195,pay_195,2026-08-13 23:00:00,6718000,INR,captured
int_196,order_196,pay_196,2026-08-13 03:00:00,1797900,INR,captured
int_197,order_197,pay_197,2026-08-13 01:00:00,30190000,INR,captured
int_198,order_198,pay_198,2026-08-14 19:00:00,6047900,INR,captured
int_199,order_199,pay_199,2026-08-11 02:00:00,6274000,INR,captured
int_200,order_200,pay_200,2026-08-14 20:00:00,10595100,INR,captured
int_201,order_201,pay_201,2026-08-10 22:00:00,4702700,INR,captured
int_202,order_202,pay_202,2026-08-12 19:00:00,44735800,INR,captured
int_203,order_203,pay_203,2026-08-13 04:00:00,10637100,INR,captured
int_204,order_204,pay_204,2026-08-10 23:00:00,30103800,INR,captured
int_205,order_205,pay_205,2026-08-09 02:00:00,16315700,INR,captured
int_206,order_206,pay_206,2026-08-13 22:00:00,16721300,INR,captured
int_207,order_207,pay_207,2026-08-07 21:00:00,46130300,INR,captured
int_208,order_208,pay_208,2026-08-14 03:00:00,27263400,INR,captured
int_209,order_209,pay_209,2026-08-08 01:00:00,18241500,INR,captured
int_210,order_210,pay_210,2026-08-13 21:00:00,14489100,INR,captured
int_211,order_211,pay_211,2026-08-12 18:00:00,49467300,INR,captured
int_212,order_212,pay_212,2026-08-15 20:00:00,4358400,INR,captured
int_213,order_213,pay_213,2026-08-14 22:00:00,33601500,INR,captured
int_214,order_214,pay_214,2026-08-12 00:00:00,2205700,INR,captured
int_215,order_215,pay_215,2026-08-09 05:00:00,23147900,INR,captured
int_216,order_216,pay_216,2026-08-10 00:00:00,7632300,INR,captured
int_217,order_217,pay_217,2026-08-06 23:00:00,27099700,INR,captured
int_218,order_218,pay_218,2026-08-14 03:00:00,14123200,INR,captured
int_219,order_219,pay_219,2026-08-10 05:00:00,49665300,INR,captured
int_220,order_220,pay_220,2026-08-10 21:00:00,37907800,INR,captured
int_221,order_221,pay_221,2026-08-12 07:00:00,46188800,INR,captured
int_222,order_222,pay_222,2026-08-12 04:00:00,24072000,INR,captured
int_222_dup,order_222,pay_222,2026-08-12 04:00:00,24072000,INR,captured
int_223,order_223,pay_223,2026-08-09 04:00:00,26046700,INR,captured
int_224,order_224,pay_224,2026-08-11 01:00:00,46366000,INR,captured
int_225,order_225,pay_225,2026-08-06 20:00:00,2782100,INR,captured
int_226,order_226,pay_226,2026-08-06 23:00:00,20355800,INR,captured
int_227,order_227,pay_227,2026-08-08 22:00:00,5168800,INR,captured
int_228,order_228,pay_228,2026-08-17 07:00:00,10536300,INR,captured
int_229,order_229,pay_229,2026-08-10 06:00:00,37512700,INR,captured
int_230,order_230,pay_230,2026-08-13 00:00:00,48930500,INR,captured
int_231,order_231,pay_231,2026-08-07 01:00:00,17735600,INR,captured
int_232,order_232,pay_232,2026-08-13 20:00:00,17466400,INR,captured
int_233,order_233,pay_233,2026-08-11 19:00:00,24982100,INR,captured
int_234,order_234,pay_234,2026-08-10 03:00:00,27584800,INR,captured
int_235,order_235,pay_235,2026-08-08 04:00:00,1092800,INR,captured
int_236,order_236,pay_236,2026-08-07 21:00:00,21615500,INR,captured
int_237,order_237,pay_237,2026-08-06 22:00:00,10970600,INR,captured
int_238,order_238,pay_238,2026-08-12 20:00:00,9179700,INR,captured
int_239,order_239,pay_239,2026-08-11 20:00:00,25484900,INR,captured
int_240,order_240,pay_240,2026-08-11 18:00:00,49460900,INR,captured
int_241,order_241,pay_241,2026-08-10 04:00:00,25255500,INR,captured
int_242,order_242,pay_242,2026-08-10 03:00:00,43006500,INR,captured
int_243,order_243,pay_243,2026-08-08 02:00:00,18259400,INR,captured
int_244,order_244,pay_244,2026-08-08 04:00:00,14315100,INR,captured
int_245,order_245,pay_245,2026-08-08 04:00:00,2761500,INR,captured
int_246,order_246,pay_246,2026-08-09 02:00:00,17416800,INR,captured
int_247,order_247,pay_247,2026-08-09 04:00:00,34330300,INR,captured
int_248,order_248,pay_248,2026-08-15 18:00:00,33963600,INR,captured
int_249,order_249,pay_249,2026-08-12 18:00:00,22009200,INR,captured
int_250,order_250,pay_250,2026-08-14 16:00:00,46066500,INR,captured
int_251,order_251,pay_251,2026-08-09 00:00:00,15019200,INR,captured
int_252,order_252,pay_252,2026-08-14 19:00:00,10208800,INR,captured
int_253,order_253,pay_253,2026-08-12 21:00:00,37775200,INR,captured
int_254,order_254,pay_254,2026-08-10 00:00:00,43458000,INR,captured
int_255,order_255,pay_255,2026-08-14 06:00:00,7472100,INR,captured
int_256,order_256,pay_256,2026-08-08 01:00:00,12448000,INR,captured
int_257,order_257,pay_257,2026-08-10 18:00:00,2205700,INR,captured
int_258,order_258,pay_258,2026-08-12 20:00:00,16185400,INR,captured
int_259,order_259,pay_259,2026-08-12 21:00:00,19369800,INR,captured
int_260,order_260,pay_260,2026-08-09 23:00:00,39302800,INR,captured
int_261,order_261,pay_261,2026-08-14 07:00:00,35769500,INR,captured
int_262,order_262,pay_262,2026-08-08 02:00:00,43551600,INR,captured
int_263,order_263,pay_263,2026-08-14 03:00:00,23265100,INR,captured
int_264,order_264,pay_264,2026-08-12 22:00:00,23872900,INR,captured
int_265,order_265,pay_265,2026-08-10 21:00:00,24341900,INR,captured
int_266,order_266,pay_266,2026-08-13 20:00:00,30420100,INR,captured
int_267,order_267,pay_267,2026-08-15 04:00:00,3259100,INR,captured
int_268,order_268,pay_268,2026-08-13 01:00:00,40416200,INR,captured
int_269,order_269,pay_269,2026-08-14 02:00:00,19794600,INR,captured
int_270,order_270,pay_270,2026-08-08 03:00:00,20707500,INR,captured
int_271,order_271,pay_271,2026-08-07 04:00:00,24374700,INR,captured
int_272,order_272,pay_272,2026-08-18 18:00:00,18248700,INR,captured
int_273,order_273,pay_273,2026-08-09 22:00:00,42539900,INR,captured
int_274,order_274,pay_274,2026-08-16 05:00:00,31239700,INR,captured
int_275,order_275,pay_275,2026-08-13 02:00:00,23114200,INR,captured
int_276,order_276,pay_276,2026-08-11 02:00:00,42870600,INR,captured
int_277,order_277,pay_277,2026-08-09 05:00:00,11689000,INR,captured
int_278,order_278,pay_278,2026-08-07 15:00:00,29242500,INR,captured
int_279,order_279,pay_279,2026-08-16 05:00:00,16810800,INR,captured
int_280,order_280,pay_280,2026-08-08 05:00:00,9740500,INR,captured
int_281,order_281,pay_281,2026-08-07 19:00:00,42345800,INR,captured
int_282,order_282,pay_282,2026-08-10 18:00:00,12832700,INR,captured
int_283,order_283,pay_283,2026-08-18 02:00:00,44514100,INR,captured
int_284,order_284,pay_284,2026-08-15 17:00:00,35419800,INR,captured
int_285,order_285,pay_285,2026-08-18 02:00:00,11051800,INR,captured
int_286,order_286,pay_286,2026-08-17 22:00:00,39257900,INR,captured
int_287,order_287,pay_287,2026-08-10 23:00:00,16961800,INR,captured
int_288,order_288,pay_288,2026-08-10 07:00:00,13813300,INR,captured
int_289,order_289,pay_289,2026-08-12 00:00:00,48037200,INR,captured
int_290,order_290,pay_290,2026-08-12 23:00:00,45402900,INR,captured
int_291,order_291,pay_291,2026-08-13 00:00:00,8090700,INR,captured
int_292,order_292,pay_292,2026-08-09 18:00:00,28969500,INR,captured
int_293,order_293,pay_293,2026-08-10 16:00:00,8920200,INR,captured
int_294,order_294,pay_294,2026-08-08 00:00:00,48171900,INR,captured
int_295,order_295,pay_295,2026-08-13 17:00:00,21721200,INR,captured
int_296,order_296,pay_296,2026-08-07 08:00:00,11567200,INR,captured
int_297,order_297,pay_297,2026-08-16 07:00:00,924700,INR,captured
int_298,order_298,pay_298,2026-08-16 06:00:00,15130700,INR,captured
int_299,order_299,pay_299,2026-08-11 23:00:00,7906500,INR,captured
int_300,order_300,pay_300,2026-08-09 22:00:00,4242800,INR,captured
int_301,order_301,pay_301,2026-08-14 19:00:00,15827300,INR,captured
int_302,order_302,pay_302,2026-08-08 14:00:00,29077400,INR,captured
int_303,order_303,pay_303,2026-08-09 22:00:00,26306900,INR,captured
int_304,order_304,pay_304,2026-08-16 08:00:00,11184300,INR,captured
int_305,order_305,pay_305,2026-08-07 20:00:00,47249800,INR,captured
int_306,order_306,pay_306,2026-08-14 03:00:00,30877500,INR,captured
int_307,order_307,pay_307,2026-08-08 19:00:00,12707600,INR,captured
int_308,order_308,pay_308,2026-08-17 05:00:00,26355900,INR,captured
int_309,order_309,pay_309,2026-08-14 01:00:00,44070700,INR,captured
int_310,order_310,pay_310,2026-08-09 03:00:00,41180400,INR,captured
int_311,order_311,pay_311,2026-08-08 23:00:00,9838000,INR,captured
int_312,order_312,pay_312,2026-08-13 20:00:00,14149400,INR,captured
int_313,order_313,pay_313,2026-08-14 22:00:00,19011000,INR,captured
int_314,order_314,pay_314,2026-08-18 01:00:00,40016400,INR,captured
int_315,order_315,pay_315,2026-08-08 07:00:00,23632300,INR,captured
int_316,order_316,pay_316,2026-08-14 06:00:00,29157000,INR,captured
int_317,order_317,pay_317,2026-08-18 18:00:00,20431800,INR,captured
int_318,order_318,pay_318,2026-08-10 22:00:00,7379200,INR,captured
int_319,order_319,pay_319,2026-08-09 01:00:00,8866400,INR,captured
int_320,order_320,pay_320,2026-08-10 19:00:00,19033300,INR,captured
int_321,order_321,pay_321,2026-08-13 23:00:00,5708400,INR,captured
int_322,order_322,pay_322,2026-08-10 02:00:00,20017100,INR,captured
int_323,order_323,pay_323,2026-08-12 06:00:00,16912000,INR,captured
int_324,order_324,pay_324,2026-08-07 22:00:00,15380200,INR,captured
int_325,order_325,pay_325,2026-08-14 18:00:00,19237300,INR,captured
int_326,order_326,pay_326,2026-08-11 21:00:00,49539000,INR,captured
int_327,order_327,pay_327,2026-08-08 00:00:00,35383400,INR,captured
int_328,order_328,pay_328,2026-08-10 00:00:00,37598900,INR,captured
int_329,order_329,pay_329,2026-08-08 02:00:00,21113700,INR,captured
int_330,order_330,pay_330,2026-08-14 20:00:00,40415300,INR,captured
int_331,order_331,pay_331,2026-08-16 01:00:00,33918200,INR,captured
int_332,order_332,pay_332,2026-08-11 21:00:00,5269800,INR,captured
int_333,order_333,pay_333,2026-08-07 03:00:00,24377800,INR,captured
int_334,order_334,pay_334,2026-08-09 15:00:00,15589100,INR,captured
int_335,order_335,pay_335,2026-08-11 00:00:00,16452000,INR,captured
int_336,order_336,pay_336,2026-08-14 03:00:00,25064600,INR,captured
int_337,order_337,pay_337,2026-08-13 15:00:00,2442600,INR,captured
int_338,order_338,pay_338,2026-08-12 22:00:00,48854700,INR,captured
int_339,order_339,pay_339,2026-08-09 17:00:00,12255900,INR,captured
int_340,order_340,pay_340,2026-08-12 02:00:00,1630500,INR,captured
int_341,order_341,pay_341,2026-08-11 18:00:00,10889000,INR,captured
int_342,order_342,pay_342,2026-08-13 04:00:00,17190900,INR,captured
int_343,order_343,pay_343,2026-08-09 22:00:00,33607600,INR,captured
int_344,order_344,pay_344,2026-08-16 18:00:00,18554100,INR,captured
int_345,order_345,pay_345,2026-08-14 03:00:00,16519900,INR,captured
int_346,order_346,pay_346,2026-08-13 22:00:00,36456000,INR,captured
int_347,order_347,pay_347,2026-08-08 17:00:00,20217400,INR,captured
int_348,order_348,pay_348,2026-08-09 03:00:00,8848500,INR,captured
int_349,order_349,pay_349,2026-08-15 23:00:00,32574900,INR,captured
int_350,order_350,pay_350,2026-08-08 22:00:00,42840700,INR,captured
int_351,order_351,pay_351,2026-08-09 07:00:00,37331900,INR,captured
int_352,order_352,pay_352,2026-08-15 21:00:00,15413900,INR,captured
int_353,order_353,pay_353,2026-08-08 23:00:00,41033200,INR,captured
int_354,order_354,pay_354,2026-08-07 19:00:00,40738200,INR,captured
int_355,order_355,pay_355,2026-08-09 22:00:00,11557800,INR,captured
int_356,order_356,pay_356,2026-08-10 01:00:00,13879000,INR,captured
int_357,order_357,pay_357,2026-08-10 22:00:00,42604100,INR,captured
int_358,order_358,pay_358,2026-08-11 17:00:00,2205700,INR,captured
int_359,order_359,pay_359,2026-08-13 02:00:00,28346900,INR,captured
int_360,order_360,pay_360,2026-08-14 03:00:00,2205700,INR,captured
int_361,order_361,pay_361,2026-08-13 17:00:00,36874900,INR,captured
int_362,order_362,pay_362,2026-08-09 23:00:00,40023100,INR,captured
int_363,order_363,pay_363,2026-08-08 20:00:00,19769800,INR,captured
int_364,order_364,pay_364,2026-08-08 19:00:00,23939100,INR,captured
int_365,order_365,pay_365,2026-08-15 01:00:00,44670000,INR,captured
int_366,order_366,pay_366,2026-08-09 21:00:00,14179000,INR,captured
int_367,order_367,pay_367,2026-08-09 06:00:00,44791400,INR,captured
int_368,order_368,pay_368,2026-08-13 20:00:00,953600,INR,captured
int_369,order_369,pay_369,2026-08-16 01:00:00,10707300,INR,captured
int_370,order_370,pay_370,2026-08-11 00:00:00,34419200,INR,captured
int_371,order_371,pay_371,2026-08-10 18:00:00,20879700,INR,captured
int_372,order_372,pay_372,2026-08-19 06:00:00,156900,INR,captured
int_373,order_373,pay_373,2026-08-08 14:00:00,35750600,INR,captured
int_374,order_374,pay_374,2026-08-09 02:00:00,45206600,INR,captured
int_375,order_375,pay_375,2026-08-13 21:00:00,4783500,INR,captured
int_376,order_376,pay_376,2026-08-10 02:00:00,2205700,INR,captured
int_377,order_377,pay_377,2026-08-12 21:00:00,34179700,INR,captured
int_378,order_378,pay_378,2026-08-10 07:00:00,48328900,INR,captured
int_379,order_379,pay_379,2026-08-14 01:00:00,39549800,INR,captured
int_380,order_380,pay_380,2026-08-11 18:00:00,13091100,INR,captured
int_381,order_381,pay_381,2026-08-11 17:00:00,44553900,INR,captured
int_382,order_382,pay_382,2026-08-14 22:00:00,33977900,INR,captured
int_383,order_383,pay_383,2026-08-13 20:00:00,26292500,INR,captured
int_384,order_384,pay_384,2026-08-09 23:00:00,45231400,INR,captured
int_385,order_385,pay_385,2026-08-13 22:00:00,30894700,INR,captured
int_386,order_386,pay_386,2026-08-08 23:00:00,49838100,INR,captured
int_387,order_387,pay_387,2026-08-07 02:00:00,33682600,INR,captured
int_387_dup,order_387,pay_387,2026-08-07 02:00:00,33682600,INR,captured
int_388,order_388,pay_388,2026-08-07 20:00:00,2205700,INR,captured
int_389,order_389,pay_389,2026-08-13 18:00:00,30846100,INR,captured
int_390,order_390,pay_390,2026-08-15 00:00:00,12917700,INR,captured
int_391,order_391,pay_391,2026-08-13 15:00:00,35021700,INR,captured
int_392,order_392,pay_392,2026-08-13 04:00:00,8689500,INR,captured
int_393,order_393,pay_393,2026-08-11 21:00:00,39409800,INR,captured
int_394,order_394,pay_394,2026-08-14 22:00:00,27565000,INR,captured
int_395,order_395,pay_395,2026-08-08 01:00:00,3006600,INR,captured
int_396,order_396,pay_396,2026-08-15 04:00:00,46985400,INR,captured
int_397,order_397,pay_397,2026-08-08 04:00:00,2510700,INR,captured
int_398,order_398,pay_398,2026-08-09 01:00:00,29086000,INR,captured
int_399,order_399,pay_399,2026-08-14 22:00:00,14321700,INR,captured
int_400,order_400,pay_400,2026-08-16 00:00:00,11801300,INR,captured
int_401,order_401,pay_401,2026-08-11 22:00:00,40655100,INR,captured
int_402,order_402,pay_402,2026-08-17 18:00:00,19441900,INR,captured
int_403,order_403,pay_403,2026-08-16 21:00:00,19408100,INR,captured
int_404,order_404,pay_404,2026-08-09 17:00:00,434300,INR,captured
int_405,order_405,pay_405,2026-08-09 14:00:00,49959200,INR,captured
int_406,order_406,pay_406,2026-08-15 21:00:00,10858000,INR,captured
int_407,order_407,pay_407,2026-08-11 23:00:00,37411000,INR,captured
int_408,order_408,pay_408,2026-08-14 16:00:00,24136400,INR,captured
int_409,order_409,pay_409,2026-08-16 04:00:00,31132300,INR,captured
int_410,order_410,pay_410,2026-08-10 02:00:00,44712300,INR,captured
int_411,order_411,pay_411,2026-08-14 19:00:00,12347900,INR,captured
int_412,order_412,pay_412,2026-08-18 03:00:00,5639500,INR,captured
int_413,order_413,pay_413,2026-08-10 00:00:00,28197800,INR,captured
int_414,order_414,pay_414,2026-08-14 16:00:00,44794600,INR,captured
int_415,order_415,pay_415,2026-08-15 05:00:00,2214400,INR,captured
int_416,order_416,pay_416,2026-08-06 21:00:00,20874600,INR,captured
int_417,order_417,pay_417,2026-08-08 21:00:00,21301700,INR,captured
int_418,order_418,pay_418,2026-08-15 23:00:00,6467600,INR,captured
int_419,order_419,pay_419,2026-08-15 05:00:00,19616000,INR,captured
int_420,order_420,pay_420,2026-08-08 22:00:00,47416700,INR,captured
int_421,order_421,pay_421,2026-08-08 16:00:00,49502600,INR,captured
int_422,order_422,pay_422,2026-08-18 05:00:00,26111300,INR,captured
int_423,order_423,pay_423,2026-08-12 22:00:00,47721300,INR,captured
int_424,order_424,pay_424,2026-08-11 23:00:00,32296800,INR,captured
int_425,order_425,pay_425,2026-08-12 01:00:00,4699100,INR,captured
int_426,order_426,pay_426,2026-08-06 14:00:00,13162500,INR,captured
int_427,order_427,pay_427,2026-08-06 23:00:00,2205700,INR,captured
int_428,order_428,pay_428,2026-08-12 16:00:00,14278600,INR,captured
int_429,order_429,pay_429,2026-08-16 17:00:00,47063800,INR,captured
int_430,order_430,pay_430,2026-08-18 16:00:00,12303400,INR,captured
int_431,order_431,pay_431,2026-08-14 23:00:00,28080700,INR,captured
int_432,order_432,pay_432,2026-08-10 19:00:00,12502000,INR,captured
int_433,order_433,pay_433,2026-08-12 20:00:00,29649200,INR,captured
int_434,order_434,pay_434,2026-08-15 23:00:00,25812900,INR,captured
int_435,order_435,pay_435,2026-08-07 16:00:00,27701000,INR,captured
int_436,order_436,pay_436,2026-08-14 06:00:00,17965500,INR,captured
int_437,order_437,pay_437,2026-08-13 01:00:00,37046300,INR,captured
int_438,order_438,pay_438,2026-08-14 01:00:00,30824100,INR,captured
int_439,order_439,pay_439,2026-08-09 06:00:00,38496300,INR,captured
int_440,order_440,pay_440,2026-08-12 20:00:00,34993000,INR,captured
int_441,order_441,pay_441,2026-08-16 05:00:00,9417000,INR,captured
int_442,order_442,pay_442,2026-08-15 03:00:00,11681200,INR,captured
int_443,order_443,pay_443,2026-08-17 16:00:00,18282800,INR,captured
int_444,order_444,pay_444,2026-08-11 17:00:00,697400,INR,captured
int_445,order_445,pay_445,2026-08-14 19:00:00,13556200,INR,captured
int_446,order_446,pay_446,2026-08-09 03:00:00,8820900,INR,captured
int_447,order_447,pay_447,2026-08-08 21:00:00,43553300,INR,captured
int_448,order_448,pay_448,2026-08-15 05:00:00,15561700,INR,captured
int_449,order_449,pay_449,2026-08-09 19:00:00,9018400,INR,captured
int_450,order_450,pay_450,2026-08-15 22:00:00,37036300,INR,captured
int_451,order_451,pay_451,2026-08-15 03:00:00,2907800,INR,captured
int_452,order_452,pay_452,2026-08-07 01:00:00,37955500,INR,captured
int_453,order_453,pay_453,2026-08-10 08:00:00,2702300,INR,captured
int_454,order_454,pay_454,2026-08-14 02:00:00,22518800,INR,captured
int_455,order_455,pay_455,2026-08-14 22:00:00,10950200,INR,captured
int_456,order_456,pay_456,2026-08-08 22:00:00,41250100,INR,captured
int_457,order_457,pay_457,2026-08-08 02:00:00,33752200,INR,captured
int_458,order_458,pay_458,2026-08-07 18:00:00,9882300,INR,captured
int_459,order_459,pay_459,2026-08-11 14:00:00,11961600,INR,captured
int_460,order_460,pay_460,2026-08-10 23:00:00,35129800,INR,captured
int_461,order_461,pay_461,2026-08-06 22:00:00,43008000,INR,captured
int_462,order_462,pay_462,2026-08-14 23:00:00,15768400,INR,captured
int_463,order_463,pay_463,2026-08-14 00:00:00,49868200,INR,captured
int_464,order_464,pay_464,2026-08-08 23:00:00,2337400,INR,captured
int_465,order_465,pay_465,2026-08-10 20:00:00,13620600,INR,captured
int_466,order_466,pay_466,2026-08-17 21:00:00,17198400,INR,captured
int_467,order_467,pay_467,2026-08-14 02:00:00,21828700,INR,captured
int_468,order_468,pay_468,2026-08-07 02:00:00,45580600,INR,captured
int_469,order_469,pay_469,2026-08-08 21:00:00,30090400,INR,captured
int_470,order_470,pay_470,2026-08-08 20:00:00,32513800,INR,captured
int_471,order_471,pay_471,2026-08-08 05:00:00,39198700,INR,captured
int_472,order_472,pay_472,2026-08-18 05:00:00,16402600,INR,captured
int_473,order_473,pay_473,2026-08-07 19:00:00,39092500,INR,captured
int_474,order_474,pay_474,2026-08-14 01:00:00,33945600,INR,captured
int_475,order_475,pay_475,2026-08-07 22:00:00,2205700,INR,captured
int_476,order_476,pay_476,2026-08-07 23:00:00,16411800,INR,captured
int_477,order_477,pay_477,2026-08-19 01:00:00,10206300,INR,captured
int_478,order_478,pay_478,2026-08-09 23:00:00,48231200,INR,captured
int_479,order_479,pay_479,2026-08-14 20:00:00,20911200,INR,captured
int_480,order_480,pay_480,2026-08-13 03:00:00,23488600,INR,captured
int_481,order_481,pay_481,2026-08-14 23:00:00,39367100,INR,captured
int_482,order_482,pay_482,2026-08-12 18:00:00,44864800,INR,captured
int_483,order_483,pay_483,2026-08-09 18:00:00,34261900,INR,captured
int_484,order_484,pay_484,2026-08-14 19:00:00,31617100,INR,captured
int_485,order_485,pay_485,2026-08-17 02:00:00,22319600,INR,captured
int_486,order_486,pay_486,2026-08-08 07:00:00,15941100,INR,captured
int_487,order_487,pay_487,2026-08-11 22:00:00,34039300,INR,captured
int_488,order_488,pay_488,2026-08-12 02:00:00,14595600,INR,captured
int_489,order_489,pay_489,2026-08-07 19:00:00,7960600,INR,captured
int_490,order_490,pay_490,2026-08-17 21:00:00,35791200,INR,captured
int_491,order_491,pay_491,2026-08-09 20:00:00,21312600,INR,captured
int_492,order_492,pay_492,2026-08-08 04:00:00,33566000,INR,captured
int_493,order_493,pay_493,2026-08-07 16:00:00,5217200,INR,captured
int_494,order_494,pay_494,2026-08-14 01:00:00,34411200,INR,captured
int_495,order_495,pay_495,2026-08-09 21:00:00,41418600,INR,captured
int_496,order_496,pay_496,2026-08-14 22:00:00,44728100,INR,captured
int_497,order_497,pay_497,2026-08-11 18:00:00,46731500,INR,captured
int_498,order_498,pay_498,2026-08-13 22:00:00,2934400,INR,captured
int_499,order_499,pay_499,2026-08-07 16:00:00,46910700,INR,captured
int_500,order_500,pay_500,2026-08-16 17:00:00,25663200,INR,captured
