entity_id,type,payment_id,order_id,settlement_id,settlement_utr,amount_paise,fee_paise,tax_paise,debit_paise,credit_paise,settled_at
ent_001,payment,pay_001,order_001,setl_001,UTR001,5783400,115668,20820,0,0,2026-08-11 06:00:00
ent_002,payment,pay_002,order_002,setl_002,,47259900,945198,170135,0,0,2026-08-14 05:00:00
ent_003,payment,pay_003,order_003,setl_003,UTR003,27358700,547174,98491,0,0,2026-08-09 04:00:00
ent_004,payment,pay_004,order_004,setl_004,UTR004,32771200,655424,117976,0,0,2026-08-12 02:00:00
ent_005,payment,pay_005,order_005,setl_005,UTR005,17201300,344026,61924,0,0,2026-08-11 05:00:00
ent_006,payment,pay_006,order_006,setl_006,UTR006,35610900,712218,128199,0,0,2026-08-15 05:00:00
ent_007,payment,pay_007,order_007,setl_007,UTR007,15142500,302850,54513,0,0,2026-08-20 07:00:00
ent_008,payment,pay_008,order_008,setl_008,UTR008,35522300,710446,127880,0,0,2026-08-14 08:00:00
ent_009,payment,pay_009,order_009,setl_009,UTR009,27124500,542490,97648,0,0,2026-08-12 02:00:00
ent_010,payment,pay_010,order_010,setl_010,UTR010,42387100,847742,152593,0,0,2026-08-20 03:00:00
ent_011,payment,pay_011,order_011,setl_011,UTR011,32148300,642966,115733,0,0,2026-08-16 08:00:00
ent_012,payment,pay_012,order_012,setl_012,UTR012,26019600,520392,93670,0,0,2026-08-11 04:00:00
ent_013,payment,pay_013,order_013,setl_013,UTR013,40911600,818232,147281,0,0,2026-08-11 04:00:00
ent_014,payment,pay_014,order_014,setl_014,UTR014,29324100,586482,105566,0,0,2026-08-14 02:00:00
ent_015,payment,pay_015,order_015,setl_015,UTR015,29403700,588074,105853,0,0,2026-08-12 08:00:00
ent_015,payment,pay_015,order_015,setl_015,UTR015,29403700,588074,105853,0,0,2026-08-12 08:00:00
ent_016,payment,pay_016,order_016,setl_016,UTR016,39088900,781778,140720,0,0,2026-08-10 08:00:00
ent_017,payment,pay_017,order_017,setl_017,,25506800,510136,91824,0,0,2026-08-14 05:00:00
ent_018,payment,pay_018,order_018,setl_018,UTR018,14345600,286912,51644,0,0,2026-08-12 06:00:00
ent_019,payment,pay_019,order_019,setl_019,UTR019,20182000,403640,72655,0,0,2026-08-15 04:00:00
ent_020,payment,pay_020,order_020,setl_020,UTR020,28548400,570968,102774,0,0,2026-08-10 07:00:00
ent_022,payment,pay_022,order_022,setl_022,UTR022,39603700,792074,142573,0,0,2026-08-19 07:00:00
ent_023,payment,pay_023,order_023,setl_023,UTR023,2205700,44114,7940,0,0,2026-08-11 08:00:00
ent_024,payment,pay_024,order_024,setl_024,,38067900,761358,137044,0,0,2026-08-15 08:00:00
ent_025,payment,pay_025,order_025,setl_025,UTR025,31132200,622644,112075,0,0,2026-08-17 02:00:00
ent_026,payment,pay_026,order_026,setl_026,UTR026,2736300,54726,9850,0,0,2026-08-15 07:00:00
ent_027,payment,pay_027,order_027,setl_027,UTR027,17794700,355894,64060,0,0,2026-08-11 05:00:00
ent_028,payment,pay_028,order_028,setl_028,UTR028,1116200,22324,4018,0,0,2026-08-09 01:00:00
ent_029,payment,pay_029,order_029,setl_029,UTR029,39643500,792870,142716,0,0,2026-08-17 04:00:00
ent_030,payment,pay_030,order_030,setl_030,UTR030,6717600,134352,24183,0,0,2026-08-10 02:00:00
ent_031,payment,pay_031,order_031,setl_031,UTR031,8896900,177938,32028,0,0,2026-08-16 03:00:00
ent_032,payment,pay_032,order_032,setl_032,UTR032,30288300,605766,109037,0,0,2026-08-11 07:00:00
ent_033,payment,pay_033,order_033,setl_033,UTR033,36652900,733058,131950,0,0,2026-08-13 02:00:00
ent_034,payment,pay_034,order_034,setl_034,UTR034,3715300,74306,13375,0,0,2026-08-09 06:00:00
ent_035,payment,pay_035,order_035,setl_035,UTR035,22829100,456582,82184,0,0,2026-08-12 08:00:00
ent_036,payment,pay_036,order_036,setl_036,UTR036,34202700,684054,123129,0,0,2026-08-13 08:00:00
ent_038,payment,pay_038,order_038,setl_038,UTR038,29976500,599530,107915,0,0,2026-08-11 06:00:00
ent_039,payment,pay_039,order_039,setl_039,UTR039,25661600,513232,92381,0,0,2026-08-14 06:00:00
ent_040,payment,pay_040,order_040,setl_040,UTR040,36862200,737244,132703,0,0,2026-08-13 01:00:00
ent_041,payment,pay_041,order_041,setl_041,,25715500,514310,92575,0,0,2026-08-09 04:00:00
ent_042,payment,pay_042,order_042,setl_042,UTR042,41672500,833450,150021,0,0,2026-08-17 02:00:00
ent_043,payment,pay_043,order_043,setl_043,UTR043,16154000,323080,58154,0,0,2026-08-12 08:00:00
ent_044,payment,pay_044,order_044,setl_044,UTR044,36949800,738996,133019,0,0,2026-08-10 05:00:00
ent_045,payment,pay_045,order_045,setl_045,UTR045,37916000,758320,136497,0,0,2026-08-14 06:00:00
ent_046,payment,pay_046,order_046,setl_046,UTR046,11444700,228894,41200,0,0,2026-08-10 05:00:00
ent_047,payment,pay_047,order_047,setl_047,UTR047,12026600,240532,43295,0,0,2026-08-12 03:00:00
ent_048,payment,pay_048,order_048,setl_048,UTR048,2486300,49726,8950,0,0,2026-08-20 05:00:00
ent_049,payment,pay_049,order_049,setl_049,UTR049,45855600,917112,165080,0,0,2026-08-17 05:00:00
ent_050,payment,pay_050,order_050,setl_050,UTR050,9765900,195318,35157,0,0,2026-08-17 05:00:00
ent_051,payment,pay_051,order_051,setl_051,UTR051,25881600,517632,93173,0,0,2026-08-16 01:00:00
ent_052,payment,pay_052,order_052,setl_052,UTR052,13112300,262246,47204,0,0,2026-08-16 07:00:00
ent_054,payment,pay_054,order_054,setl_054,UTR054,38901900,778038,140046,0,0,2026-08-20 04:00:00
ent_055,payment,pay_055,order_055,setl_055,UTR055,12675800,253516,45632,0,0,2026-08-15 02:00:00
ent_056,payment,pay_056,order_056,setl_056,UTR056,36242900,724858,130474,0,0,2026-08-10 05:00:00
ent_057,payment,pay_057,order_057,setl_057,UTR057,2205700,44114,7940,0,0,2026-08-10 02:00:00
ent_058,payment,pay_058,order_058,setl_058,UTR058,6117500,122350,22023,0,0,2026-08-09 04:00:00
ent_059,payment,pay_059,order_059,setl_059,UTR059,3226700,64534,11616,0,0,2026-08-15 05:00:00
ent_060,payment,pay_060,order_060,setl_060,,36206500,724130,130343,0,0,2026-08-13 07:00:00
ent_061,payment,pay_061,order_061,setl_061,UTR061,4317400,86348,15542,0,0,2026-08-17 07:00:00
ent_062,payment,pay_062,order_062,setl_062,,4888100,97762,17597,0,0,2026-08-14 01:00:00
ent_063,payment,pay_063,order_063,setl_063,UTR063,24767700,495354,89163,0,0,2026-08-09 08:00:00
ent_064,payment,pay_064,order_064,setl_064,UTR064,4883700,97674,17581,0,0,2026-08-10 06:00:00
ent_065,payment,pay_065,order_065,setl_065,UTR065,45069900,901398,162251,0,0,2026-08-15 06:00:00
ent_066,payment,pay_066,order_066,setl_066,UTR066,34838400,696768,125418,0,0,2026-08-11 01:00:00
ent_067,payment,pay_067,order_067,setl_067,UTR067,17048800,340976,61375,0,0,2026-08-20 07:00:00
ent_068,payment,pay_068,order_068,setl_068,UTR068,2941800,58836,10590,0,0,2026-08-14 06:00:00
ent_069,payment,pay_069,order_069,setl_069,,10772300,215446,38780,0,0,2026-08-13 03:00:00
ent_070,payment,pay_070,order_070,setl_070,UTR070,1613500,32270,5808,0,0,2026-08-14 04:00:00
ent_071,payment,pay_071,order_071,setl_071,UTR071,21490400,429808,77365,0,0,2026-08-16 04:00:00
ent_072,payment,pay_072,order_072,setl_072,UTR072,26229200,524584,94425,0,0,2026-08-13 05:00:00
ent_073,payment,pay_073,order_073,setl_073,UTR073,2205700,44114,7940,0,0,2026-08-10 03:00:00
ent_074,payment,pay_074,order_074,setl_074,UTR074,14583300,291666,52499,0,0,2026-08-19 06:00:00
ent_075,payment,pay_075,order_075,setl_075,UTR075,44007800,880156,158428,0,0,2026-08-10 03:00:00
ent_076,payment,pay_076,order_076,setl_076,UTR076,17529400,350588,63105,0,0,2026-08-09 07:00:00
ent_077,payment,pay_077,order_077,setl_077,UTR077,30078600,601572,108282,0,0,2026-08-11 04:00:00
ent_078,payment,pay_078,order_078,setl_078,UTR078,37074200,741484,133467,0,0,2026-08-19 07:00:00
ent_079,payment,pay_079,order_079,setl_079,UTR079,26434500,528690,95164,0,0,2026-08-12 02:00:00
ent_080,payment,pay_080,order_080,setl_080,UTR080,37976800,759536,136716,0,0,2026-08-15 07:00:00
ent_081,payment,pay_081,order_081,setl_081,UTR081,17850300,357006,64261,0,0,2026-08-11 02:00:00
ent_082,payment,pay_082,order_082,setl_082,UTR082,32962300,659246,118664,0,0,2026-08-10 01:00:00
ent_084,payment,pay_084,order_084,setl_084,UTR084,8822300,176446,31760,0,0,2026-08-13 01:00:00
ent_085,payment,pay_085,order_085,setl_085,UTR085,18893800,377876,68017,0,0,2026-08-12 07:00:00
ent_087,payment,pay_087,order_087,setl_087,UTR087,35915900,718318,129297,0,0,2026-08-20 08:00:00
ent_088,payment,pay_088,order_088,setl_088,UTR088,24194700,483894,87100,0,0,2026-08-13 01:00:00
ent_090,payment,pay_090,order_090,setl_090,UTR090,44418200,888364,159905,0,0,2026-08-13 04:00:00
ent_091,payment,pay_091,order_091,setl_091,UTR091,20094400,401888,72339,0,0,2026-08-12 05:00:00
ent_092,payment,pay_092,order_092,setl_092,UTR092,524500,10490,1888,0,0,2026-08-17 08:00:00
ent_093,payment,pay_093,order_093,setl_093,UTR093,33477100,669542,120517,0,0,2026-08-14 05:00:00
ent_094,payment,pay_094,order_094,setl_094,UTR094,16296900,325938,58668,0,0,2026-08-10 01:00:00
ent_095,payment,pay_095,order_095,setl_095,UTR095,47790600,955812,172046,0,0,2026-08-13 06:00:00
ent_096,payment,pay_096,order_096,setl_096,UTR096,41335900,826718,148809,0,0,2026-08-09 06:00:00
ent_097,payment,pay_097,order_097,setl_097,UTR097,42383200,847664,152579,0,0,2026-08-13 06:00:00
ent_098,payment,pay_098,order_098,setl_098,UTR098,39639200,792784,142701,0,0,2026-08-14 07:00:00
ent_099,payment,pay_099,order_099,setl_099,UTR099,13965200,279304,50274,0,0,2026-08-09 02:00:00
ent_100,payment,pay_100,order_100,setl_100,UTR100,20076700,401534,72276,0,0,2026-08-12 02:00:00
ent_101,payment,pay_101,order_101,setl_101,UTR101,46459300,929186,167253,0,0,2026-08-09 06:00:00
ent_102,payment,pay_102,order_102,setl_102,,47778100,955562,172001,0,0,2026-08-13 07:00:00
ent_103,payment,pay_103,order_103,setl_103,UTR103,16057400,321148,57806,0,0,2026-08-10 02:00:00
ent_104,payment,pay_104,order_104,setl_104,,23883900,477678,85982,0,0,2026-08-12 07:00:00
ent_105,payment,pay_105,order_105,setl_105,UTR105,32377900,647558,116560,0,0,2026-08-11 05:00:00
ent_106,payment,pay_106,order_106,setl_106,UTR106,23346000,466920,84045,0,0,2026-08-19 04:00:00
ent_107,payment,pay_107,order_107,setl_107,UTR107,47374800,947496,170549,0,0,2026-08-12 01:00:00
ent_108,payment,pay_108,order_108,setl_108,UTR108,49855400,997108,179479,0,0,2026-08-10 02:00:00
ent_109,payment,pay_109,order_109,setl_109,UTR109,41350600,827012,148862,0,0,2026-08-12 04:00:00
ent_110,payment,pay_110,order_110,setl_110,UTR110,43606300,872126,156982,0,0,2026-08-18 04:00:00
ent_111,payment,pay_111,order_111,setl_111,UTR111,41447600,828952,149211,0,0,2026-08-17 05:00:00
ent_112,payment,pay_112,order_112,setl_112,UTR112,5863300,117266,21107,0,0,2026-08-17 03:00:00
ent_113,payment,pay_113,order_113,setl_113,UTR113,17074900,341498,61469,0,0,2026-08-17 03:00:00
ent_114,payment,pay_114,order_114,setl_114,UTR114,27682000,553640,99655,0,0,2026-08-16 02:00:00
ent_115,payment,pay_115,order_115,setl_115,UTR115,31225100,624502,112410,0,0,2026-08-20 08:00:00
ent_116,payment,pay_116,order_116,setl_116,UTR116,15914100,318282,57290,0,0,2026-08-10 01:00:00
ent_116_r,refund,pay_116,order_116,setl_116,,0,0,0,3978525,0,2026-08-10 01:00:00
ent_118,payment,pay_118,order_118,setl_118,UTR118,31992300,639846,115172,0,0,2026-08-15 02:00:00
ent_119,payment,pay_119,order_119,setl_119,UTR119,31420500,628410,113113,0,0,2026-08-09 05:00:00
ent_120,payment,pay_120,order_120,setl_120,UTR120,41681000,833620,150051,0,0,2026-08-16 04:00:00
ent_121,payment,pay_121,order_121,setl_121,UTR121,17869700,357394,64330,0,0,2026-08-10 07:00:00
ent_122,payment,pay_122,order_122,setl_122,UTR122,22474700,449494,80908,0,0,2026-08-12 05:00:00
ent_123,payment,pay_123,order_123,setl_123,UTR123,4882800,97656,17578,0,0,2026-08-16 02:00:00
ent_123_r,refund,pay_123,order_123,setl_123,,0,0,0,1220700,0,2026-08-16 02:00:00
ent_124,payment,pay_124,order_124,setl_124,UTR124,29269800,585396,105371,0,0,2026-08-17 06:00:00
ent_125,payment,pay_125,order_125,setl_125,UTR125,45613000,912260,164206,0,0,2026-08-17 05:00:00
ent_126,payment,pay_126,order_126,setl_126,UTR126,26703000,534060,96130,0,0,2026-08-14 03:00:00
ent_127,payment,pay_127,order_127,setl_127,UTR127,2205700,44114,7940,0,0,2026-08-09 06:00:00
ent_128,payment,pay_128,order_128,setl_128,UTR128,44410400,888208,159877,0,0,2026-08-09 01:00:00
ent_129,payment,pay_129,order_129,setl_129,UTR129,36941600,738832,132989,0,0,2026-08-13 06:00:00
ent_130,payment,pay_130,order_130,setl_130,UTR130,29791500,595830,107249,0,0,2026-08-18 07:00:00
ent_131,payment,pay_131,order_131,setl_131,UTR131,39217700,784354,141183,0,0,2026-08-18 04:00:00
ent_132,payment,pay_132,order_132,setl_132,UTR132,8352700,167054,30069,0,0,2026-08-12 05:00:00
ent_133,payment,pay_133,order_133,setl_133,UTR133,8256800,165136,29724,0,0,2026-08-15 01:00:00
ent_134,payment,pay_134,order_134,setl_134,UTR134,25562600,511252,92025,0,0,2026-08-10 07:00:00
ent_134_r,refund,pay_134,order_134,setl_134,,0,0,0,6390650,0,2026-08-10 07:00:00
ent_135,payment,pay_135,order_135,setl_135,UTR135,22639800,452796,81503,0,0,2026-08-16 05:00:00
ent_136,payment,pay_136,order_136,setl_136,UTR136,11661500,233230,41981,0,0,2026-08-11 01:00:00
ent_137,payment,pay_137,order_137,setl_137,UTR137,40331200,806624,145192,0,0,2026-08-15 05:00:00
ent_138,payment,pay_138,order_138,setl_138,UTR138,26177300,523546,94238,0,0,2026-08-18 07:00:00
ent_139,payment,pay_139,order_139,setl_139,,36992600,739852,133173,0,0,2026-08-14 06:00:00
ent_140,payment,pay_140,order_140,setl_140,UTR140,1082500,21650,3897,0,0,2026-08-10 02:00:00
ent_141,payment,pay_141,order_141,setl_141,UTR141,21303400,426068,76692,0,0,2026-08-11 05:00:00
ent_142,payment,pay_142,order_142,setl_142,UTR142,9111100,182222,32799,0,0,2026-08-14 08:00:00
ent_143,payment,pay_143,order_143,setl_143,UTR143,12856700,257134,46284,0,0,2026-08-11 07:00:00
ent_144,payment,pay_144,order_144,setl_144,UTR144,11716700,234334,42180,0,0,2026-08-12 03:00:00
ent_145,payment,pay_145,order_145,setl_145,UTR145,26836100,536722,96609,0,0,2026-08-14 06:00:00
ent_146,payment,pay_146,order_146,setl_146,UTR146,5489900,109798,19763,0,0,2026-08-15 05:00:00
ent_147,payment,pay_147,order_147,setl_147,UTR147,9387500,187750,33795,0,0,2026-08-10 08:00:00
ent_148,payment,pay_148,order_148,setl_148,UTR148,8014500,160290,28852,0,0,2026-08-10 02:00:00
ent_149,payment,pay_149,order_149,setl_149,UTR149,31107400,622148,111986,0,0,2026-08-17 06:00:00
ent_150,payment,pay_150,order_150,setl_150,UTR150,2071700,41434,7458,0,0,2026-08-17 06:00:00
ent_151,payment,pay_151,order_151,setl_151,UTR151,31246800,624936,112488,0,0,2026-08-09 07:00:00
ent_152,payment,pay_152,order_152,setl_152,UTR152,47760300,955206,171937,0,0,2026-08-14 06:00:00
ent_154,payment,pay_154,order_154,setl_154,UTR154,13088900,261778,47120,0,0,2026-08-10 08:00:00
ent_155,payment,pay_155,order_155,setl_155,UTR155,20411700,408234,73482,0,0,2026-08-19 06:00:00
ent_156,payment,pay_156,order_156,setl_156,UTR156,17385200,347704,62586,0,0,2026-08-16 07:00:00
ent_157,payment,pay_157,order_157,setl_157,UTR157,4373000,87460,15742,0,0,2026-08-18 03:00:00
ent_158,payment,pay_158,order_158,setl_158,UTR158,31297200,625944,112669,0,0,2026-08-16 05:00:00
ent_159,payment,pay_159,order_159,setl_159,UTR159,35233300,704666,126839,0,0,2026-08-14 02:00:00
ent_160,payment,pay_160,order_160,setl_160,UTR160,19110500,382210,68797,0,0,2026-08-13 03:00:00
ent_161,payment,pay_161,order_161,setl_161,UTR161,11977300,239546,43118,0,0,2026-08-15 03:00:00
ent_162,payment,pay_162,order_162,setl_162,UTR162,40516000,810320,145857,0,0,2026-08-09 01:00:00
ent_163,payment,pay_163,order_163,setl_163,UTR163,2205700,44114,7940,0,0,2026-08-11 03:00:00
ent_164,payment,pay_164,order_164,setl_164,UTR164,2205700,44114,7940,0,0,2026-08-17 07:00:00
ent_165,payment,pay_165,order_165,setl_165,UTR165,32112700,642254,115605,0,0,2026-08-19 08:00:00
ent_166,payment,pay_166,order_166,setl_166,UTR166,42495100,849902,152982,0,0,2026-08-19 04:00:00
ent_167,payment,pay_167,order_167,setl_167,UTR167,40440700,808814,145586,0,0,2026-08-13 07:00:00
ent_168,payment,pay_168,order_168,setl_168,UTR168,7356000,147120,26481,0,0,2026-08-13 01:00:00
ent_169,payment,pay_169,order_169,setl_169,,44725600,894512,161012,0,0,2026-08-16 05:00:00
ent_170,payment,pay_170,order_170,setl_170,UTR170,47564100,951282,171230,0,0,2026-08-09 03:00:00
ent_171,payment,pay_171,order_171,setl_171,UTR171,46480000,929600,167328,0,0,2026-08-12 01:00:00
ent_172,payment,pay_172,order_172,setl_172,UTR172,19706300,394126,70942,0,0,2026-08-14 07:00:00
ent_173,payment,pay_173,order_173,setl_173,UTR173,16808200,336164,60509,0,0,2026-08-16 06:00:00
ent_174,payment,pay_174,order_174,setl_174,UTR174,48197900,963958,173512,0,0,2026-08-10 03:00:00
ent_175,payment,pay_175,order_175,setl_175,UTR175,1096300,21926,3946,0,0,2026-08-13 04:00:00
ent_176,payment,pay_176,order_176,setl_176,UTR176,40793700,815874,146857,0,0,2026-08-13 04:00:00
ent_177,payment,pay_177,order_177,setl_177,UTR177,22110900,442218,79599,0,0,2026-08-10 02:00:00
ent_178,payment,pay_178,order_178,setl_178,UTR178,30249000,604980,108896,0,0,2026-08-14 03:00:00
ent_179,payment,pay_179,order_179,setl_179,UTR179,18597700,371954,66951,0,0,2026-08-14 07:00:00
ent_180,payment,pay_180,order_180,setl_180,UTR180,19006000,380120,68421,0,0,2026-08-16 01:00:00
ent_181,payment,pay_181,order_181,setl_181,UTR181,19671700,393434,70818,0,0,2026-08-13 01:00:00
ent_182,payment,pay_182,order_182,setl_182,UTR182,38527200,770544,138697,0,0,2026-08-16 06:00:00
ent_183,payment,pay_183,order_183,setl_183,UTR183,17849600,356992,64258,0,0,2026-08-15 08:00:00
ent_184,payment,pay_184,order_184,setl_184,UTR184,3408200,68164,12269,0,0,2026-08-10 01:00:00
ent_186,payment,pay_186,order_186,setl_186,UTR186,24919700,498394,89710,0,0,2026-08-13 01:00:00
ent_187,payment,pay_187,order_187,setl_187,UTR187,45492700,909854,163773,0,0,2026-08-12 05:00:00
ent_188,payment,pay_188,order_188,setl_188,UTR188,39070700,781414,140654,0,0,2026-08-10 07:00:00
ent_188,payment,pay_188,order_188,setl_188,UTR188,39070700,781414,140654,0,0,2026-08-10 07:00:00
ent_189,payment,pay_189,order_189,setl_189,UTR189,19359500,387190,69694,0,0,2026-08-09 05:00:00
ent_190,payment,pay_190,order_190,setl_190,UTR190,22676200,453524,81634,0,0,2026-08-15 05:00:00
ent_191,payment,pay_191,order_191,setl_191,UTR191,34751200,695024,125104,0,0,2026-08-19 05:00:00
ent_192,payment,pay_192,order_192,setl_192,UTR192,2205700,44114,7940,0,0,2026-08-10 06:00:00
ent_193,payment,pay_193,order_193,setl_193,UTR193,22903400,458068,82452,0,0,2026-08-19 01:00:00
ent_194,payment,pay_194,order_194,setl_194,UTR194,27000400,540008,97201,0,0,2026-08-14 03:00:00
ent_195,payment,pay_195,order_195,setl_195,UTR195,6718000,134360,24184,0,0,2026-08-16 04:00:00
ent_196,payment,pay_196,order_196,setl_196,UTR196,1797900,35958,6472,0,0,2026-08-15 08:00:00
ent_197,payment,pay_197,order_197,setl_197,UTR197,30190000,603800,108684,0,0,2026-08-15 06:00:00
ent_198,payment,pay_198,order_198,setl_198,UTR198,6047900,120958,21772,0,0,2026-08-17 03:00:00
ent_199,payment,pay_199,order_199,setl_199,UTR199,6274000,125480,22586,0,0,2026-08-13 05:00:00
ent_201,payment,pay_201,order_201,setl_201,UTR201,4702700,94054,16929,0,0,2026-08-12 06:00:00
ent_202,payment,pay_202,order_202,setl_202,UTR202,44735800,894716,161048,0,0,2026-08-15 03:00:00
ent_203,payment,pay_203,order_203,setl_203,,10637100,212742,38293,0,0,2026-08-15 04:00:00
ent_204,payment,pay_204,order_204,setl_204,,30103800,602076,108373,0,0,2026-08-12 08:00:00
ent_205,payment,pay_205,order_205,setl_205,UTR205,16315700,326314,58736,0,0,2026-08-11 08:00:00
ent_206,payment,pay_206,order_206,setl_206,,16721300,334426,60196,0,0,2026-08-16 08:00:00
ent_207,payment,pay_207,order_207,setl_207,UTR207,46130300,922606,166069,0,0,2026-08-09 03:00:00
ent_208,payment,pay_208,order_208,setl_208,UTR208,27263400,545268,98148,0,0,2026-08-15 05:00:00
ent_209,payment,pay_209,order_209,setl_209,UTR209,18241500,364830,65669,0,0,2026-08-09 05:00:00
ent_210,payment,pay_210,order_210,setl_210,UTR210,14489100,289782,52160,0,0,2026-08-15 05:00:00
ent_211,payment,pay_211,order_211,setl_211,,49467300,989346,178082,0,0,2026-08-15 03:00:00
ent_212,payment,pay_212,order_212,setl_212,,4358400,87168,15690,0,0,2026-08-17 05:00:00
ent_214,payment,pay_214,order_214,setl_214,UTR214,2205700,44114,7940,0,0,2026-08-14 07:00:00
ent_215,payment,pay_215,order_215,setl_215,UTR215,23147900,462958,83332,0,0,2026-08-11 08:00:00
ent_215_a,adjustment,pay_215,order_215,setl_215,,0,0,0,0,200,2026-08-11 08:00:00
ent_216,payment,pay_216,order_216,setl_216,,7632300,152646,27476,0,0,2026-08-12 06:00:00
ent_217,payment,pay_217,order_217,setl_217,UTR217,27099700,541994,97558,0,0,2026-08-09 02:00:00
ent_218,payment,pay_218,order_218,setl_218,UTR218,14123200,282464,50843,0,0,2026-08-15 04:00:00
ent_220,payment,pay_220,order_220,setl_220,UTR220,37907800,758156,136468,0,0,2026-08-12 04:00:00
ent_221,payment,pay_221,order_221,setl_221,UTR221,46188800,923776,166279,0,0,2026-08-13 08:00:00
ent_222,payment,pay_222,order_222,setl_222,UTR222,24072000,481440,86659,0,0,2026-08-14 04:00:00
ent_223,payment,pay_223,order_223,setl_223,UTR223,26046700,520934,93768,0,0,2026-08-10 05:00:00
ent_224,payment,pay_224,order_224,setl_224,,46366000,927320,166917,0,0,2026-08-13 06:00:00
ent_225,payment,pay_225,order_225,setl_225,UTR225,2782100,55642,10015,0,0,2026-08-09 04:00:00
ent_226,payment,pay_226,order_226,setl_226,UTR226,20355800,407116,73280,0,0,2026-08-09 08:00:00
ent_226_r,refund,pay_226,order_226,setl_226,,0,0,0,5088950,0,2026-08-09 08:00:00
ent_227,payment,pay_227,order_227,setl_227,UTR227,5168800,103376,18607,0,0,2026-08-11 06:00:00
ent_228,payment,pay_228,order_228,setl_228,UTR228,10536300,210726,37930,0,0,2026-08-18 07:00:00
ent_229,payment,pay_229,order_229,setl_229,UTR229,37512700,750254,135045,0,0,2026-08-12 08:00:00
ent_230,payment,pay_230,order_230,setl_230,UTR230,48930500,978610,176149,0,0,2026-08-14 06:00:00
ent_231,payment,pay_231,order_231,setl_231,UTR231,17735600,354712,63848,0,0,2026-08-09 08:00:00
ent_231,payment,pay_231,order_231,setl_231,UTR231,17735600,354712,63848,0,0,2026-08-09 08:00:00
ent_232,payment,pay_232,order_232,setl_232,UTR232,17466400,349328,62879,0,0,2026-08-16 07:00:00
ent_233,payment,pay_233,order_233,setl_233,UTR233,24982100,499642,89935,0,0,2026-08-13 04:00:00
ent_234,payment,pay_234,order_234,setl_234,UTR234,27584800,551696,99305,0,0,2026-08-11 03:00:00
ent_235,payment,pay_235,order_235,setl_235,UTR235,1092800,21856,3934,0,0,2026-08-10 06:00:00
ent_236,payment,pay_236,order_236,setl_236,,21615500,432310,77815,0,0,2026-08-09 08:00:00
ent_237,payment,pay_237,order_237,setl_237,UTR237,10970600,219412,39494,0,0,2026-08-09 06:00:00
ent_238,payment,pay_238,order_238,setl_238,UTR238,9179700,183594,33046,0,0,2026-08-15 06:00:00
ent_239,payment,pay_239,order_239,setl_239,UTR239,25484900,509698,91745,0,0,2026-08-14 04:00:00
ent_240,payment,pay_240,order_240,setl_240,UTR240,49460900,989218,178059,0,0,2026-08-13 05:00:00
ent_241,payment,pay_241,order_241,setl_241,UTR241,25255500,505110,90919,0,0,2026-08-12 05:00:00
ent_242,payment,pay_242,order_242,setl_242,UTR242,43006500,860130,154823,0,0,2026-08-12 03:00:00
ent_243,payment,pay_243,order_243,setl_243,UTR243,18259400,365188,65733,0,0,2026-08-10 05:00:00
ent_244,payment,pay_244,order_244,setl_244,UTR244,14315100,286302,51534,0,0,2026-08-09 05:00:00
ent_245,payment,pay_245,order_245,setl_245,UTR245,2761500,55230,9941,0,0,2026-08-09 04:00:00
ent_246,payment,pay_246,order_246,setl_246,UTR246,17416800,348336,62700,0,0,2026-08-10 02:00:00
ent_247,payment,pay_247,order_247,setl_247,UTR247,34330300,686606,123589,0,0,2026-08-10 08:00:00
ent_248,payment,pay_248,order_248,setl_248,UTR248,33963600,679272,122268,0,0,2026-08-17 02:00:00
ent_248,payment,pay_248,order_248,setl_248,UTR248,33963600,679272,122268,0,0,2026-08-17 02:00:00
ent_249,payment,pay_249,order_249,setl_249,UTR249,22009200,440184,79233,0,0,2026-08-15 01:00:00
ent_250,payment,pay_250,order_250,setl_250,UTR250,46066500,921330,165839,0,0,2026-08-17 01:00:00
ent_251,payment,pay_251,order_251,setl_251,UTR251,15019200,300384,54069,0,0,2026-08-10 08:00:00
ent_253,payment,pay_253,order_253,setl_253,UTR253,37775200,755504,135990,0,0,2026-08-15 01:00:00
ent_253_r,refund,pay_253,order_253,setl_253,,0,0,0,9443800,0,2026-08-15 01:00:00
ent_254,payment,pay_254,order_254,setl_254,UTR254,43458000,869160,156448,0,0,2026-08-11 06:00:00
ent_254_a,adjustment,pay_254,order_254,setl_254,,0,0,0,0,400,2026-08-11 06:00:00
ent_255,payment,pay_255,order_255,setl_255,UTR255,7472100,149442,26899,0,0,2026-08-15 06:00:00
ent_256,payment,pay_256,order_256,setl_256,UTR256,12448000,248960,44812,0,0,2026-08-10 05:00:00
ent_257,payment,pay_257,order_257,setl_257,UTR257,2205700,44114,7940,0,0,2026-08-12 04:00:00
ent_259,payment,pay_259,order_259,setl_259,UTR259,19369800,387396,69731,0,0,2026-08-14 04:00:00
ent_260,payment,pay_260,order_260,setl_260,UTR260,39302800,786056,141490,0,0,2026-08-12 07:00:00
ent_261,payment,pay_261,order_261,setl_261,UTR261,35769500,715390,128770,0,0,2026-08-16 08:00:00
ent_262,payment,pay_262,order_262,setl_262,,43551600,871032,156785,0,0,2026-08-09 04:00:00
ent_263,payment,pay_263,order_263,setl_263,UTR263,23265100,465302,83754,0,0,2026-08-16 04:00:00
ent_264,payment,pay_264,order_264,setl_264,UTR264,23872900,477458,85942,0,0,2026-08-15 07:00:00
ent_265,payment,pay_265,order_265,setl_265,UTR265,24341900,486838,87630,0,0,2026-08-13 01:00:00
ent_266,payment,pay_266,order_266,setl_266,UTR266,30420100,608402,109512,0,0,2026-08-16 01:00:00
ent_267,payment,pay_267,order_267,setl_267,UTR267,3259100,65182,11732,0,0,2026-08-16 08:00:00
ent_268,payment,pay_268,order_268,setl_268,,40416200,808324,145498,0,0,2026-08-15 07:00:00
ent_269,payment,pay_269,order_269,setl_269,,19794600,395892,71260,0,0,2026-08-16 03:00:00
ent_270,payment,pay_270,order_270,setl_270,UTR270,20707500,414150,74547,0,0,2026-08-09 03:00:00
ent_271,payment,pay_271,order_271,setl_271,UTR271,24374700,487494,87748,0,0,2026-08-09 07:00:00
ent_272,payment,pay_272,order_272,setl_272,UTR272,18248700,364974,65695,0,0,2026-08-20 05:00:00
ent_273,payment,pay_273,order_273,setl_273,UTR273,42539900,850798,153143,0,0,2026-08-11 01:00:00
ent_274,payment,pay_274,order_274,setl_274,,31239700,624794,112462,0,0,2026-08-17 08:00:00
ent_275,payment,pay_275,order_275,setl_275,UTR275,23114200,462284,83211,0,0,2026-08-14 04:00:00
ent_276,payment,pay_276,order_276,setl_276,UTR276,42870600,857412,154334,0,0,2026-08-12 06:00:00
ent_277,payment,pay_277,order_277,setl_277,UTR277,11689000,233780,42080,0,0,2026-08-11 05:00:00
ent_278,payment,pay_278,order_278,setl_278,UTR278,29242500,584850,105273,0,0,2026-08-10 01:00:00
ent_279,payment,pay_279,order_279,setl_279,UTR279,16810800,336216,60518,0,0,2026-08-18 07:00:00
ent_280,payment,pay_280,order_280,setl_280,,9740500,194810,35065,0,0,2026-08-09 08:00:00
ent_281,payment,pay_281,order_281,setl_281,UTR281,42345800,846916,152444,0,0,2026-08-10 01:00:00
ent_282,payment,pay_282,order_282,setl_282,UTR282,12832700,256654,46197,0,0,2026-08-13 04:00:00
ent_283,payment,pay_283,order_283,setl_283,UTR283,44514100,890282,160250,0,0,2026-08-19 02:00:00
ent_284,payment,pay_284,order_284,setl_284,,35419800,708396,127511,0,0,2026-08-17 02:00:00
ent_285,payment,pay_285,order_285,setl_285,UTR285,11051800,221036,39786,0,0,2026-08-19 05:00:00
ent_286,payment,pay_286,order_286,setl_286,UTR286,39257900,785158,141328,0,0,2026-08-19 04:00:00
ent_287,payment,pay_287,order_287,setl_287,,16961800,339236,61062,0,0,2026-08-13 07:00:00
ent_288,payment,pay_288,order_288,setl_288,UTR288,13813300,276266,49727,0,0,2026-08-12 08:00:00
ent_289,payment,pay_289,order_289,setl_289,UTR289,48037200,960744,172933,0,0,2026-08-14 06:00:00
ent_290,payment,pay_290,order_290,setl_290,UTR290,45402900,908058,163450,0,0,2026-08-14 03:00:00
ent_291,payment,pay_291,order_291,setl_291,UTR291,8090700,161814,29126,0,0,2026-08-14 06:00:00
ent_292,payment,pay_292,order_292,setl_292,UTR292,28969500,579390,104290,0,0,2026-08-12 05:00:00
ent_293,payment,pay_293,order_293,setl_293,UTR293,8920200,178404,32112,0,0,2026-08-12 03:00:00
ent_295,payment,pay_295,order_295,setl_295,UTR295,21721200,434424,78196,0,0,2026-08-15 04:00:00
ent_296,payment,pay_296,order_296,setl_296,UTR296,11567200,231344,41641,0,0,2026-08-09 08:00:00
ent_297,payment,pay_297,order_297,setl_297,UTR297,924700,18494,3328,0,0,2026-08-17 07:00:00
ent_298,payment,pay_298,order_298,setl_298,,15130700,302614,54470,0,0,2026-08-17 07:00:00
ent_299,payment,pay_299,order_299,setl_299,UTR299,7906500,158130,28463,0,0,2026-08-14 04:00:00
ent_300,payment,pay_300,order_300,setl_300,UTR300,4242800,84856,15274,0,0,2026-08-12 07:00:00
ent_301,payment,pay_301,order_301,setl_301,UTR301,15827300,316546,56978,0,0,2026-08-16 01:00:00
ent_302,payment,pay_302,order_302,setl_302,UTR302,29077400,581548,104678,0,0,2026-08-10 01:00:00
ent_303,payment,pay_303,order_303,setl_303,,26306900,526138,94704,0,0,2026-08-11 06:00:00
ent_304,payment,pay_304,order_304,setl_304,UTR304,11184300,223686,40263,0,0,2026-08-18 08:00:00
ent_305,payment,pay_305,order_305,setl_305,UTR305,47249800,944996,170099,0,0,2026-08-09 01:00:00
ent_306,payment,pay_306,order_306,setl_306,UTR306,30877500,617550,111159,0,0,2026-08-15 07:00:00
ent_307,payment,pay_307,order_307,setl_307,UTR307,12707600,254152,45747,0,0,2026-08-11 06:00:00
ent_308,payment,pay_308,order_308,setl_308,UTR308,26355900,527118,94881,0,0,2026-08-18 06:00:00
ent_309,payment,pay_309,order_309,setl_309,UTR309,44070700,881414,158654,0,0,2026-08-16 06:00:00
ent_310,payment,pay_310,order_310,setl_310,UTR310,41180400,823608,148249,0,0,2026-08-10 08:00:00
ent_311,payment,pay_311,order_311,setl_311,UTR311,9838000,196760,35416,0,0,2026-08-11 02:00:00
ent_312,payment,pay_312,order_312,setl_312,UTR312,14149400,282988,50937,0,0,2026-08-15 07:00:00
ent_313,payment,pay_313,order_313,setl_313,UTR313,19011000,380220,68439,0,0,2026-08-16 02:00:00
ent_314,payment,pay_314,order_314,setl_314,UTR314,40016400,800328,144059,0,0,2026-08-19 02:00:00
ent_315,payment,pay_315,order_315,setl_315,UTR315,23632300,472646,85076,0,0,2026-08-09 07:00:00
ent_316,payment,pay_316,order_316,setl_316,UTR316,29157000,583140,104965,0,0,2026-08-16 06:00:00
ent_317,payment,pay_317,order_317,setl_317,UTR317,20431800,408636,73554,0,0,2026-08-20 04:00:00
ent_318,payment,pay_318,order_318,setl_318,UTR318,7379200,147584,26565,0,0,2026-08-13 05:00:00
ent_319,payment,pay_319,order_319,setl_319,UTR319,8866400,177328,31919,0,0,2026-08-11 05:00:00
ent_320,payment,pay_320,order_320,setl_320,UTR320,19033300,380666,68519,0,0,2026-08-13 04:00:00
ent_321,payment,pay_321,order_321,setl_321,UTR321,5708400,114168,20550,0,0,2026-08-15 05:00:00
ent_322,payment,pay_322,order_322,setl_322,UTR322,20017100,400342,72061,0,0,2026-08-12 08:00:00
ent_324,payment,pay_324,order_324,setl_324,UTR324,15380200,307604,55368,0,0,2026-08-10 04:00:00
ent_325,payment,pay_325,order_325,setl_325,UTR325,19237300,384746,69254,0,0,2026-08-16 04:00:00
ent_326,payment,pay_326,order_326,setl_326,UTR326,49539000,990780,178340,0,0,2026-08-14 08:00:00
ent_327,payment,pay_327,order_327,setl_327,UTR327,35383400,707668,127380,0,0,2026-08-10 03:00:00
ent_329,payment,pay_329,order_329,setl_329,,21113700,422274,76009,0,0,2026-08-09 07:00:00
ent_330,payment,pay_330,order_330,setl_330,UTR330,40415300,808306,145495,0,0,2026-08-16 06:00:00
ent_331,payment,pay_331,order_331,setl_331,UTR331,33918200,678364,122105,0,0,2026-08-18 07:00:00
ent_332,payment,pay_332,order_332,setl_332,UTR332,5269800,105396,18971,0,0,2026-08-13 04:00:00
ent_334,payment,pay_334,order_334,setl_334,UTR334,15589100,311782,56120,0,0,2026-08-11 02:00:00
ent_335,payment,pay_335,order_335,setl_335,UTR335,16452000,329040,59227,0,0,2026-08-12 08:00:00
ent_336,payment,pay_336,order_336,setl_336,UTR336,25064600,501292,90232,0,0,2026-08-16 08:00:00
ent_337,payment,pay_337,order_337,setl_337,UTR337,2442600,48852,8793,0,0,2026-08-16 01:00:00
ent_338,payment,pay_338,order_338,setl_338,UTR338,48854700,977094,175876,0,0,2026-08-14 03:00:00
ent_339,payment,pay_339,order_339,setl_339,UTR339,12255900,245118,44121,0,0,2026-08-11 03:00:00
ent_340,payment,pay_340,order_340,setl_340,UTR340,1630500,32610,5869,0,0,2026-08-14 08:00:00
ent_341,payment,pay_341,order_341,setl_341,UTR341,10889000,217780,39200,0,0,2026-08-13 02:00:00
ent_342,payment,pay_342,order_342,setl_342,UTR342,17190900,343818,61887,0,0,2026-08-14 08:00:00
ent_343,payment,pay_343,order_343,setl_343,UTR343,33607600,672152,120987,0,0,2026-08-12 07:00:00
ent_344,payment,pay_344,order_344,setl_344,UTR344,18554100,371082,66794,0,0,2026-08-19 03:00:00
ent_345,payment,pay_345,order_345,setl_345,UTR345,16519900,330398,59471,0,0,2026-08-16 04:00:00
ent_345_r,refund,pay_345,order_345,setl_345,,0,0,0,4129975,0,2026-08-16 04:00:00
ent_346,payment,pay_346,order_346,setl_346,UTR346,36456000,729120,131241,0,0,2026-08-16 07:00:00
ent_348,payment,pay_348,order_348,setl_348,UTR348,8848500,176970,31854,0,0,2026-08-10 05:00:00
ent_349,payment,pay_349,order_349,setl_349,UTR349,32574900,651498,117269,0,0,2026-08-17 06:00:00
ent_350,payment,pay_350,order_350,setl_350,UTR350,42840700,856814,154226,0,0,2026-08-11 08:00:00
ent_351,payment,pay_351,order_351,setl_351,UTR351,37331900,746638,134394,0,0,2026-08-10 08:00:00
ent_352,payment,pay_352,order_352,setl_352,UTR352,15413900,308278,55490,0,0,2026-08-17 05:00:00
ent_353,payment,pay_353,order_353,setl_353,UTR353,41033200,820664,147719,0,0,2026-08-10 08:00:00
ent_354,payment,pay_354,order_354,setl_354,UTR354,40738200,814764,146657,0,0,2026-08-09 06:00:00
ent_355,payment,pay_355,order_355,setl_355,,11557800,231156,41608,0,0,2026-08-11 02:00:00
ent_357,payment,pay_357,order_357,setl_357,UTR357,42604100,852082,153374,0,0,2026-08-12 07:00:00
ent_358,payment,pay_358,order_358,setl_358,UTR358,2205700,44114,7940,0,0,2026-08-14 01:00:00
ent_359,payment,pay_359,order_359,setl_359,UTR359,28346900,566938,102048,0,0,2026-08-15 06:00:00
ent_360,payment,pay_360,order_360,setl_360,UTR360,2205700,44114,7940,0,0,2026-08-16 03:00:00
ent_361,payment,pay_361,order_361,setl_361,UTR361,36874900,737498,132749,0,0,2026-08-15 04:00:00
ent_362,payment,pay_362,order_362,setl_362,UTR362,40023100,800462,144083,0,0,2026-08-11 08:00:00
ent_363,payment,pay_363,order_363,setl_363,UTR363,19769800,395396,71171,0,0,2026-08-10 02:00:00
ent_364,payment,pay_364,order_364,setl_364,UTR364,23939100,478782,86180,0,0,2026-08-10 06:00:00
ent_365,payment,pay_365,order_365,setl_365,UTR365,44670000,893400,160812,0,0,2026-08-16 07:00:00
ent_365_a,adjustment,pay_365,order_365,setl_365,,0,0,0,0,300,2026-08-16 07:00:00
ent_367,payment,pay_367,order_367,setl_367,UTR367,44791400,895828,161249,0,0,2026-08-10 06:00:00
ent_368,payment,pay_368,order_368,setl_368,UTR368,953600,19072,3432,0,0,2026-08-16 03:00:00
ent_369,payment,pay_369,order_369,setl_369,UTR369,10707300,214146,38546,0,0,2026-08-18 03:00:00
ent_370,payment,pay_370,order_370,setl_370,UTR370,34419200,688384,123909,0,0,2026-08-12 05:00:00
ent_371,payment,pay_371,order_371,setl_371,UTR371,20879700,417594,75166,0,0,2026-08-13 04:00:00
ent_372,payment,pay_372,order_372,setl_372,UTR372,156900,3138,564,0,0,2026-08-20 08:00:00
ent_373,payment,pay_373,order_373,setl_373,,35750600,715012,128702,0,0,2026-08-10 01:00:00
ent_374,payment,pay_374,order_374,setl_374,,45206600,904132,162743,0,0,2026-08-11 03:00:00
ent_375,payment,pay_375,order_375,setl_375,,4783500,95670,17220,0,0,2026-08-16 02:00:00
ent_376,payment,pay_376,order_376,setl_376,UTR376,2205700,44114,7940,0,0,2026-08-11 03:00:00
ent_377,payment,pay_377,order_377,setl_377,UTR377,34179700,683594,123046,0,0,2026-08-15 08:00:00
ent_378,payment,pay_378,order_378,setl_378,UTR378,48328900,966578,173984,0,0,2026-08-11 08:00:00
ent_379,payment,pay_379,order_379,setl_379,UTR379,39549800,790996,142379,0,0,2026-08-16 07:00:00
ent_380,payment,pay_380,order_380,setl_380,UTR380,13091100,261822,47127,0,0,2026-08-13 02:00:00
ent_381,payment,pay_381,order_381,setl_381,UTR381,44553900,891078,160394,0,0,2026-08-13 04:00:00
ent_382,payment,pay_382,order_382,setl_382,UTR382,33977900,679558,122320,0,0,2026-08-17 04:00:00
ent_382_r,refund,pay_382,order_382,setl_382,,0,0,0,8494475,0,2026-08-17 04:00:00
ent_383,payment,pay_383,order_383,setl_383,UTR383,26292500,525850,94653,0,0,2026-08-16 01:00:00
ent_384,payment,pay_384,order_384,setl_384,UTR384,45231400,904628,162833,0,0,2026-08-11 06:00:00
ent_385,payment,pay_385,order_385,setl_385,UTR385,30894700,617894,111220,0,0,2026-08-16 01:00:00
ent_386,payment,pay_386,order_386,setl_386,,49838100,996762,179417,0,0,2026-08-11 05:00:00
ent_387,payment,pay_387,order_387,setl_387,UTR387,33682600,673652,121257,0,0,2026-08-09 03:00:00
ent_388,payment,pay_388,order_388,setl_388,UTR388,2205700,44114,7940,0,0,2026-08-09 04:00:00
ent_389,payment,pay_389,order_389,setl_389,,30846100,616922,111045,0,0,2026-08-16 05:00:00
ent_390,payment,pay_390,order_390,setl_390,,12917700,258354,46503,0,0,2026-08-16 07:00:00
ent_391,payment,pay_391,order_391,setl_391,UTR391,35021700,700434,126078,0,0,2026-08-15 02:00:00
ent_392,payment,pay_392,order_392,setl_392,UTR392,8689500,173790,31282,0,0,2026-08-15 06:00:00
ent_393,payment,pay_393,order_393,setl_393,UTR393,39409800,788196,141875,0,0,2026-08-13 02:00:00
ent_394,payment,pay_394,order_394,setl_394,UTR394,27565000,551300,99234,0,0,2026-08-16 05:00:00
ent_395,payment,pay_395,order_395,setl_395,UTR395,3006600,60132,10823,0,0,2026-08-10 03:00:00
ent_395_a,adjustment,pay_395,order_395,setl_395,,0,0,0,0,300,2026-08-10 03:00:00
ent_397,payment,pay_397,order_397,setl_397,UTR397,2510700,50214,9038,0,0,2026-08-10 06:00:00
ent_398,payment,pay_398,order_398,setl_398,UTR398,29086000,581720,104709,0,0,2026-08-11 04:00:00
ent_399,payment,pay_399,order_399,setl_399,UTR399,14321700,286434,51558,0,0,2026-08-16 06:00:00
ent_400,payment,pay_400,order_400,setl_400,UTR400,11801300,236026,42484,0,0,2026-08-18 01:00:00
ent_401,payment,pay_401,order_401,setl_401,UTR401,40655100,813102,146358,0,0,2026-08-13 06:00:00
ent_402,payment,pay_402,order_402,setl_402,UTR402,19441900,388838,69990,0,0,2026-08-20 05:00:00
ent_403,payment,pay_403,order_403,setl_403,UTR403,19408100,388162,69869,0,0,2026-08-18 08:00:00
ent_404,payment,pay_404,order_404,setl_404,UTR404,434300,8686,1563,0,0,2026-08-11 01:00:00
ent_405,payment,pay_405,order_405,setl_405,UTR405,49959200,999184,179853,0,0,2026-08-12 01:00:00
ent_406,payment,pay_406,order_406,setl_406,UTR406,10858000,217160,39088,0,0,2026-08-18 04:00:00
ent_407,payment,pay_407,order_407,setl_407,UTR407,37411000,748220,134679,0,0,2026-08-13 02:00:00
ent_408,payment,pay_408,order_408,setl_408,UTR408,24136400,482728,86891,0,0,2026-08-16 02:00:00
ent_409,payment,pay_409,order_409,setl_409,UTR409,31132300,622646,112076,0,0,2026-08-17 07:00:00
ent_410,payment,pay_410,order_410,setl_410,UTR410,44712300,894246,160964,0,0,2026-08-12 07:00:00
ent_411,payment,pay_411,order_411,setl_411,UTR411,12347900,246958,44452,0,0,2026-08-16 04:00:00
ent_412,payment,pay_412,order_412,setl_412,UTR412,5639500,112790,20302,0,0,2026-08-20 08:00:00
ent_413,payment,pay_413,order_413,setl_413,UTR413,28197800,563956,101512,0,0,2026-08-12 04:00:00
ent_414,payment,pay_414,order_414,setl_414,UTR414,44794600,895892,161260,0,0,2026-08-16 02:00:00
ent_415,payment,pay_415,order_415,setl_415,UTR415,2214400,44288,7971,0,0,2026-08-16 06:00:00
ent_416,payment,pay_416,order_416,setl_416,UTR416,20874600,417492,75148,0,0,2026-08-09 01:00:00
ent_417,payment,pay_417,order_417,setl_417,UTR417,21301700,426034,76686,0,0,2026-08-10 04:00:00
ent_417,payment,pay_417,order_417,setl_417,UTR417,21301700,426034,76686,0,0,2026-08-10 04:00:00
ent_419,payment,pay_419,order_419,setl_419,UTR419,19616000,392320,70617,0,0,2026-08-16 05:00:00
ent_420,payment,pay_420,order_420,setl_420,UTR420,47416700,948334,170700,0,0,2026-08-10 03:00:00
ent_421,payment,pay_421,order_421,setl_421,UTR421,49502600,990052,178209,0,0,2026-08-10 01:00:00
ent_422,payment,pay_422,order_422,setl_422,UTR422,26111300,522226,94000,0,0,2026-08-20 07:00:00
ent_423,payment,pay_423,order_423,setl_423,UTR423,47721300,954426,171796,0,0,2026-08-15 05:00:00
ent_424,payment,pay_424,order_424,setl_424,UTR424,32296800,645936,116268,0,0,2026-08-14 05:00:00
ent_425,payment,pay_425,order_425,setl_425,,4699100,93982,16916,0,0,2026-08-13 07:00:00
ent_426,payment,pay_426,order_426,setl_426,UTR426,13162500,263250,47385,0,0,2026-08-09 01:00:00
ent_427,payment,pay_427,order_427,setl_427,UTR427,2205700,44114,7940,0,0,2026-08-09 08:00:00
ent_428,payment,pay_428,order_428,setl_428,UTR428,14278600,285572,51402,0,0,2026-08-15 01:00:00
ent_429,payment,pay_429,order_429,setl_429,UTR429,47063800,941276,169429,0,0,2026-08-19 01:00:00
ent_430,payment,pay_430,order_430,setl_430,UTR430,12303400,246068,44292,0,0,2026-08-20 02:00:00
ent_432,payment,pay_432,order_432,setl_432,UTR432,12502000,250040,45007,0,0,2026-08-12 06:00:00
ent_433,payment,pay_433,order_433,setl_433,UTR433,29649200,592984,106737,0,0,2026-08-15 04:00:00
ent_434,payment,pay_434,order_434,setl_434,UTR434,25812900,516258,92926,0,0,2026-08-17 02:00:00
ent_435,payment,pay_435,order_435,setl_435,UTR435,27701000,554020,99723,0,0,2026-08-10 01:00:00
ent_436,payment,pay_436,order_436,setl_436,UTR436,17965500,359310,64675,0,0,2026-08-15 06:00:00
ent_437,payment,pay_437,order_437,setl_437,UTR437,37046300,740926,133366,0,0,2026-08-15 02:00:00
ent_438,payment,pay_438,order_438,setl_438,UTR438,30824100,616482,110966,0,0,2026-08-16 06:00:00
ent_439,payment,pay_439,order_439,setl_439,,38496300,769926,138586,0,0,2026-08-11 08:00:00
ent_440,payment,pay_440,order_440,setl_440,UTR440,34993000,699860,125974,0,0,2026-08-15 07:00:00
ent_441,payment,pay_441,order_441,setl_441,UTR441,9417000,188340,33901,0,0,2026-08-17 07:00:00
ent_442,payment,pay_442,order_442,setl_442,UTR442,11681200,233624,42052,0,0,2026-08-16 08:00:00
ent_443,payment,pay_443,order_443,setl_443,UTR443,18282800,365656,65818,0,0,2026-08-19 03:00:00
ent_444,payment,pay_444,order_444,setl_444,UTR444,697400,13948,2510,0,0,2026-08-13 04:00:00
ent_446,payment,pay_446,order_446,setl_446,UTR446,8820900,176418,31755,0,0,2026-08-11 08:00:00
ent_447,payment,pay_447,order_447,setl_447,UTR447,43553300,871066,156791,0,0,2026-08-10 04:00:00
ent_448,payment,pay_448,order_448,setl_448,UTR448,15561700,311234,56022,0,0,2026-08-17 06:00:00
ent_449,payment,pay_449,order_449,setl_449,UTR449,9018400,180368,32466,0,0,2026-08-11 03:00:00
ent_449_r,refund,pay_449,order_449,setl_449,,0,0,0,2254600,0,2026-08-11 03:00:00
ent_450,payment,pay_450,order_450,setl_450,UTR450,37036300,740726,133330,0,0,2026-08-17 07:00:00
ent_450_a,adjustment,pay_450,order_450,setl_450,,0,0,0,0,400,2026-08-17 07:00:00
ent_451,payment,pay_451,order_451,setl_451,UTR451,2907800,58156,10468,0,0,2026-08-16 06:00:00
ent_452,payment,pay_452,order_452,setl_452,UTR452,37955500,759110,136639,0,0,2026-08-09 05:00:00
ent_453,payment,pay_453,order_453,setl_453,UTR453,2702300,54046,9728,0,0,2026-08-11 08:00:00
ent_454,payment,pay_454,order_454,setl_454,UTR454,22518800,450376,81067,0,0,2026-08-16 05:00:00
ent_455,payment,pay_455,order_455,setl_455,UTR455,10950200,219004,39420,0,0,2026-08-16 05:00:00
ent_456,payment,pay_456,order_456,setl_456,UTR456,41250100,825002,148500,0,0,2026-08-11 08:00:00
ent_457,payment,pay_457,order_457,setl_457,UTR457,33752200,675044,121507,0,0,2026-08-09 07:00:00
ent_457_r,refund,pay_457,order_457,setl_457,,0,0,0,8438050,0,2026-08-09 07:00:00
ent_458,payment,pay_458,order_458,setl_458,,9882300,197646,35576,0,0,2026-08-10 01:00:00
ent_459,payment,pay_459,order_459,setl_459,UTR459,11961600,239232,43061,0,0,2026-08-13 01:00:00
ent_460,payment,pay_460,order_460,setl_460,UTR460,35129800,702596,126467,0,0,2026-08-12 07:00:00
ent_461,payment,pay_461,order_461,setl_461,,43008000,860160,154828,0,0,2026-08-09 07:00:00
ent_462,payment,pay_462,order_462,setl_462,UTR462,15768400,315368,56766,0,0,2026-08-16 07:00:00
ent_463,payment,pay_463,order_463,setl_463,UTR463,49868200,997364,179525,0,0,2026-08-15 03:00:00
ent_464,payment,pay_464,order_464,setl_464,UTR464,2337400,46748,8414,0,0,2026-08-11 02:00:00
ent_465,payment,pay_465,order_465,setl_465,UTR465,13620600,272412,49034,0,0,2026-08-12 02:00:00
ent_466,payment,pay_466,order_466,setl_466,UTR466,17198400,343968,61914,0,0,2026-08-19 08:00:00
ent_467,payment,pay_467,order_467,setl_467,UTR467,21828700,436574,78583,0,0,2026-08-15 03:00:00
ent_468,payment,pay_468,order_468,setl_468,UTR468,45580600,911612,164090,0,0,2026-08-09 06:00:00
ent_469,payment,pay_469,order_469,setl_469,UTR469,30090400,601808,108325,0,0,2026-08-10 01:00:00
ent_470,payment,pay_470,order_470,setl_470,UTR470,32513800,650276,117049,0,0,2026-08-11 01:00:00
ent_470_r,refund,pay_470,order_470,setl_470,,0,0,0,8128450,0,2026-08-11 01:00:00
ent_471,payment,pay_471,order_471,setl_471,,39198700,783974,141115,0,0,2026-08-10 05:00:00
ent_472,payment,pay_472,order_472,setl_472,UTR472,16402600,328052,59049,0,0,2026-08-19 08:00:00
ent_473,payment,pay_473,order_473,setl_473,,39092500,781850,140733,0,0,2026-08-10 06:00:00
ent_474,payment,pay_474,order_474,setl_474,UTR474,33945600,678912,122204,0,0,2026-08-16 04:00:00
ent_475,payment,pay_475,order_475,setl_475,UTR475,2205700,44114,7940,0,0,2026-08-09 06:00:00
ent_476,payment,pay_476,order_476,setl_476,UTR476,16411800,328236,59082,0,0,2026-08-09 07:00:00
ent_477,payment,pay_477,order_477,setl_477,UTR477,10206300,204126,36742,0,0,2026-08-20 01:00:00
ent_478,payment,pay_478,order_478,setl_478,UTR478,48231200,964624,173632,0,0,2026-08-12 04:00:00
ent_479,payment,pay_479,order_479,setl_479,UTR479,20911200,418224,75280,0,0,2026-08-16 01:00:00
ent_480,payment,pay_480,order_480,setl_480,UTR480,23488600,469772,84558,0,0,2026-08-15 08:00:00
ent_481,payment,pay_481,order_481,setl_481,UTR481,39367100,787342,141721,0,0,2026-08-16 05:00:00
ent_482,payment,pay_482,order_482,setl_482,UTR482,44864800,897296,161513,0,0,2026-08-14 04:00:00
ent_483,payment,pay_483,order_483,setl_483,UTR483,34261900,685238,123342,0,0,2026-08-11 01:00:00
ent_484,payment,pay_484,order_484,setl_484,UTR484,31617100,632342,113821,0,0,2026-08-17 04:00:00
ent_485,payment,pay_485,order_485,setl_485,UTR485,22319600,446392,80350,0,0,2026-08-19 06:00:00
ent_486,payment,pay_486,order_486,setl_486,UTR486,15941100,318822,57387,0,0,2026-08-09 07:00:00
ent_487,payment,pay_487,order_487,setl_487,UTR487,34039300,680786,122541,0,0,2026-08-13 05:00:00
ent_488,payment,pay_488,order_488,setl_488,UTR488,14595600,291912,52544,0,0,2026-08-14 06:00:00
ent_489,payment,pay_489,order_489,setl_489,,7960600,159212,28658,0,0,2026-08-09 04:00:00
ent_490,payment,pay_490,order_490,setl_490,UTR490,35791200,715824,128848,0,0,2026-08-20 01:00:00
ent_491,payment,pay_491,order_491,setl_491,UTR491,21312600,426252,76725,0,0,2026-08-11 01:00:00
ent_492,payment,pay_492,order_492,setl_492,,33566000,671320,120837,0,0,2026-08-10 06:00:00
ent_493,payment,pay_493,order_493,setl_493,UTR493,5217200,104344,18781,0,0,2026-08-10 03:00:00
ent_494,payment,pay_494,order_494,setl_494,UTR494,34411200,688224,123880,0,0,2026-08-16 04:00:00
ent_495,payment,pay_495,order_495,setl_495,UTR495,41418600,828372,149106,0,0,2026-08-12 06:00:00
ent_496,payment,pay_496,order_496,setl_496,UTR496,44728100,894562,161021,0,0,2026-08-16 08:00:00
ent_497,payment,pay_497,order_497,setl_497,,46731500,934630,168233,0,0,2026-08-14 02:00:00
ent_498,payment,pay_498,order_498,setl_498,UTR498,2934400,58688,10563,0,0,2026-08-15 03:00:00
ent_499,payment,pay_499,order_499,setl_499,UTR499,46910700,938214,168878,0,0,2026-08-10 03:00:00
ent_500,payment,pay_500,order_500,setl_500,UTR500,25663200,513264,92387,0,0,2026-08-19 03:00:00
